Sample,loci,pos,ref,read,depth,A_freq,C_freq,G_freq,T_freq,non_ref
12-0046_S1,AAT1a,65,G,Fwd,11827,99,0,1,0,A
12-0046_S1,AAT1a,114,G,Fwd,11827,99,0,0,0,A
12-0046_S1,AAT1a,149,T,Fwd,11827,0,99,0,1,C
12-0046_S1,ACC1,279,C,Rev,9525,0,12,0,88,C/T
12-0046_S1,ACC1,397,T,Rev,9525,0,0,14,86,G/T
12-0046_S1,ACC1,399,C,Rev,9525,6,93,0,0,A/C
12-0046_S1,ADP1,35,C,Fwd,11540,0,52,0,47,C/T
12-0046_S1,ADP1,41,C,Fwd,11540,0,52,0,48,C/T
12-0046_S1,ADP1,104,A,Fwd,11540,52,0,48,0,A/G
12-0046_S1,ADP1,120,A,Fwd,11540,52,0,48,0,A/G
12-0046_S1,ADP1,161,G,Fwd,11538,48,0,52,0,A/G
12-0046_S1,ADP1,200,G,Fwd,11538,48,0,52,0,A/G
12-0046_S1,ADP1,220,T,Fwd,11538,48,0,0,52,A/T
12-0046_S1,ADP1,227,C,Fwd,11538,0,52,0,48,C/T
12-0046_S1,MPI,42,G,Fwd,11737,50,0,50,0,A/G
12-0046_S1,MPI,48,A,Fwd,11737,0,0,100,0,G
12-0046_S1,MPI,55,G,Fwd,11737,100,0,0,0,A
12-0046_S1,MPI,57,T,Fwd,11737,0,100,0,0,C
12-0046_S1,MPI,87,T,Fwd,11737,0,0,100,0,G
12-0046_S1,MPI,93,A,Fwd,11737,0,0,0,100,T
12-0046_S1,MPI,109,A,Fwd,11737,0,0,100,0,G
12-0046_S1,SYA1,21,A,Fwd,10172,47,53,0,0,A/C
12-0046_S1,VPS13,223,G,Fwd,12019,50,0,49,0,A/G
12-0046_S1,VPS13,252,A,Rev,12016,0,0,99,0,G
12-0046_S1,VPS13,292,A,Rev,12016,0,0,100,0,G
12-0046_S1,VPS13,293,G,Rev,12016,49,0,51,0,A/G
12-0046_S1,VPS13,333,G,Rev,12016,0,0,0,100,T
12-0046_S1,VPS13,345,G,Rev,12016,51,0,49,0,A/G
12-0046_S1,VPS13,381,T,Rev,12016,51,0,0,49,A/T
12-0046_S1,VPS13,386,T,Rev,12016,6,93,0,0,A/C
12-0046_S1,VPS13,410,C,Rev,12016,5,94,0,0,A/C
12-0046_S1,ZWF1b,264,C,Rev,15204,0,51,0,49,C/T
12-0046_S1,ZWF1b,306,C,Rev,15204,0,0,0,100,T
P2R_S46,AAT1a,65,G,Fwd,21379,100,0,0,0,A
P2R_S46,AAT1a,114,G,Fwd,21379,100,0,0,0,A
P2R_S46,AAT1a,149,T,Fwd,21379,0,100,0,0,C
P2R_S46,ACC1,279,C,Rev,12555,0,9,0,91,C/T
P2R_S46,ACC1,397,T,Rev,12556,0,0,13,87,G/T
P2R_S46,ACC1,399,C,Rev,12556,6,94,0,0,A/C
P2R_S46,ADP1,35,C,Fwd,24680,0,53,0,47,C/T
P2R_S46,ADP1,41,C,Fwd,24680,0,52,0,48,C/T
P2R_S46,ADP1,104,A,Fwd,24680,52,0,48,0,A/G
P2R_S46,ADP1,120,A,Fwd,24680,52,0,47,0,A/G
P2R_S46,ADP1,161,G,Fwd,24680,47,0,53,0,A/G
P2R_S46,ADP1,200,G,Fwd,24680,47,0,52,0,A/G
P2R_S46,ADP1,220,T,Fwd,24680,48,0,0,52,A/T
P2R_S46,ADP1,227,C,Fwd,24680,0,52,0,48,C/T
P2R_S46,MPI,42,G,Fwd,23557,50,0,50,0,A/G
P2R_S46,MPI,48,A,Fwd,23557,0,0,100,0,G
P2R_S46,MPI,55,G,Fwd,23557,100,0,0,0,A
P2R_S46,MPI,57,T,Fwd,23557,0,100,0,0,C
P2R_S46,MPI,87,T,Fwd,23557,0,0,100,0,G
P2R_S46,MPI,93,A,Fwd,23557,0,0,0,100,T
P2R_S46,MPI,109,A,Fwd,23557,0,0,100,0,G
P2R_S46,SYA1,21,A,Fwd,20701,48,52,0,0,A/C
P2R_S46,SYA1,57,G,Fwd,20701,51,0,49,0,A/G
P2R_S46,SYA1,96,C,Fwd,20701,0,48,0,51,C/T
P2R_S46,SYA1,138,A,Fwd,20701,49,0,51,0,A/G
P2R_S46,SYA1,156,T,Fwd,20701,0,51,0,49,C/T
P2R_S46,SYA1,347,C,Rev,20623,0,48,0,52,C/T
P2R_S46,VPS13,223,G,Fwd,15665,53,0,47,0,A/G
P2R_S46,VPS13,252,A,Rev,15652,0,0,99,0,G
P2R_S46,VPS13,292,A,Rev,15652,0,0,100,0,G
P2R_S46,VPS13,293,G,Rev,15652,47,0,53,0,A/G
P2R_S46,VPS13,333,G,Rev,15652,0,0,0,100,T
P2R_S46,VPS13,345,G,Rev,15652,53,0,47,0,A/G
P2R_S46,VPS13,381,T,Rev,15652,53,0,0,47,A/T
P2R_S46,VPS13,386,T,Rev,15652,6,93,0,0,A/C
P2R_S46,VPS13,410,C,Rev,15652,6,94,0,0,A/C
P2R_S46,ZWF1b,264,C,Rev,15736,0,50,0,50,C/T
P2R_S46,ZWF1b,306,C,Rev,15736,0,0,0,100,T
13-0189-S_S24,AAT1a,65,G,Fwd,20916,100,0,0,0,A
13-0189-S_S24,AAT1a,114,G,Fwd,20916,100,0,0,0,A
13-0189-S_S24,AAT1a,149,T,Fwd,20916,0,100,0,0,C
13-0189-S_S24,ACC1,279,C,Rev,12244,0,28,0,71,C/T
13-0189-S_S24,ACC1,397,T,Rev,12244,0,0,7,93,G/T
13-0189-S_S24,ACC1,399,C,Rev,12244,9,91,0,0,A/C
13-0189-S_S24,ADP1,35,C,Fwd,23216,0,51,0,49,C/T
13-0189-S_S24,ADP1,41,C,Fwd,23216,0,51,0,49,C/T
13-0189-S_S24,ADP1,104,A,Fwd,23215,51,0,49,0,A/G
13-0189-S_S24,ADP1,120,A,Fwd,23216,0,0,100,0,G
13-0189-S_S24,ADP1,161,G,Fwd,23213,48,0,52,0,A/G
13-0189-S_S24,ADP1,200,G,Fwd,23213,48,0,52,0,A/G
13-0189-S_S24,ADP1,220,T,Fwd,23213,48,0,0,52,A/T
13-0189-S_S24,ADP1,227,C,Fwd,23213,0,51,0,49,C/T
13-0189-S_S24,MPI,48,A,Fwd,21157,0,0,100,0,G
13-0189-S_S24,MPI,55,G,Fwd,21157,99,0,0,0,A
13-0189-S_S24,MPI,57,T,Fwd,21157,0,100,0,0,C
13-0189-S_S24,MPI,87,T,Fwd,21156,0,0,100,0,G
13-0189-S_S24,MPI,93,A,Fwd,21157,0,0,0,100,T
13-0189-S_S24,MPI,109,A,Fwd,21157,0,0,100,0,G
13-0189-S_S24,MPI,255,C,Rev,21137,51,49,0,0,A/C
13-0189-S_S24,MPI,258,A,Rev,21137,49,0,51,0,A/G
13-0189-S_S24,MPI,297,G,Rev,21137,51,0,49,0,A/G
13-0189-S_S24,MPI,310,A,Rev,21137,49,0,51,0,A/G
13-0189-S_S24,SYA1,21,A,Fwd,20695,49,51,0,0,A/C
13-0189-S_S24,SYA1,57,G,Fwd,20695,51,0,49,0,A/G
13-0189-S_S24,SYA1,96,C,Fwd,20695,0,49,0,51,C/T
13-0189-S_S24,SYA1,138,A,Fwd,20695,49,0,51,0,A/G
13-0189-S_S24,SYA1,156,T,Fwd,20695,0,51,0,49,C/T
13-0189-S_S24,SYA1,347,C,Rev,20530,0,49,0,51,C/T
13-0189-S_S24,VPS13,60,C,Fwd,16099,50,50,0,0,A/C
13-0189-S_S24,VPS13,252,A,Rev,16119,50,0,50,0,A/G
13-0189-S_S24,VPS13,292,A,Rev,16119,0,0,100,0,G
13-0189-S_S24,VPS13,293,G,Rev,16119,50,0,50,0,A/G
13-0189-S_S24,VPS13,331,G,Rev,16119,50,0,50,0,A/G
13-0189-S_S24,VPS13,333,G,Rev,16119,0,0,0,100,T
13-0189-S_S24,VPS13,381,T,Rev,16119,50,0,0,50,A/T
13-0189-S_S24,VPS13,386,T,Rev,16119,7,93,0,0,A/C
13-0189-S_S24,ZWF1b,264,C,Rev,18592,0,50,0,50,C/T
13-0189-S_S24,ZWF1b,306,C,Rev,18592,0,0,0,100,T
13-0188_S3,AAT1a,65,G,Fwd,11376,100,0,0,0,A
13-0188_S3,AAT1a,114,G,Fwd,11376,99,0,0,0,A
13-0188_S3,AAT1a,149,T,Fwd,11376,0,100,0,0,C
13-0188_S3,ACC1,279,C,Rev,6395,0,18,0,81,C/T
13-0188_S3,ACC1,397,T,Rev,6395,0,0,8,92,G/T
13-0188_S3,ACC1,399,C,Rev,6395,7,92,0,0,A/C
13-0188_S3,ADP1,35,C,Fwd,14342,0,55,0,45,C/T
13-0188_S3,ADP1,41,C,Fwd,14342,0,54,0,46,C/T
13-0188_S3,ADP1,104,A,Fwd,14342,54,0,46,0,A/G
13-0188_S3,ADP1,120,A,Fwd,14342,0,0,100,0,G
13-0188_S3,ADP1,161,G,Fwd,14342,45,0,55,0,A/G
13-0188_S3,ADP1,200,G,Fwd,14342,45,0,55,0,A/G
13-0188_S3,ADP1,220,T,Fwd,14342,45,0,0,55,A/T
13-0188_S3,ADP1,227,C,Fwd,14342,0,54,0,45,C/T
13-0188_S3,MPI,48,A,Fwd,9792,0,0,100,0,G
13-0188_S3,MPI,55,G,Fwd,9792,100,0,0,0,A
13-0188_S3,MPI,57,T,Fwd,9792,0,100,0,0,C
13-0188_S3,MPI,87,T,Fwd,9792,0,0,100,0,G
13-0188_S3,MPI,93,A,Fwd,9792,0,0,0,100,T
13-0188_S3,MPI,109,A,Fwd,9792,0,0,100,0,G
13-0188_S3,MPI,255,C,Rev,9767,52,48,0,0,A/C
13-0188_S3,MPI,258,A,Rev,9767,48,0,51,0,A/G
13-0188_S3,MPI,297,G,Rev,9767,52,0,48,0,A/G
13-0188_S3,MPI,310,A,Rev,9767,48,0,52,0,A/G
13-0188_S3,SYA1,21,A,Fwd,10077,49,51,0,0,A/C
13-0188_S3,SYA1,57,G,Fwd,10077,51,0,49,0,A/G
13-0188_S3,SYA1,96,C,Fwd,10077,0,49,0,51,C/T
13-0188_S3,SYA1,138,A,Fwd,10077,49,0,51,0,A/G
13-0188_S3,SYA1,156,T,Fwd,10077,0,50,0,49,C/T
13-0188_S3,SYA1,347,C,Rev,9993,0,50,0,50,C/T
13-0188_S3,VPS13,60,C,Fwd,8628,49,51,0,0,A/C
13-0188_S3,VPS13,252,A,Rev,8613,49,0,51,0,A/G
13-0188_S3,VPS13,292,A,Rev,8613,0,0,100,0,G
13-0188_S3,VPS13,293,G,Rev,8613,51,0,49,0,A/G
13-0188_S3,VPS13,331,G,Rev,8613,49,0,51,0,A/G
13-0188_S3,VPS13,333,G,Rev,8613,0,0,0,100,T
13-0188_S3,VPS13,381,T,Rev,8613,49,0,0,51,A/T
13-0188_S3,VPS13,386,T,Rev,8613,6,93,0,0,A/C
13-0188_S3,ZWF1b,264,C,Rev,8599,0,50,0,50,C/T
13-0188_S3,ZWF1b,306,C,Rev,8599,0,0,0,100,T
P2-90-10_S40,AAT1a,32,A,Fwd,26697,93,0,7,0,A/G
P2-90-10_S40,AAT1a,65,G,Fwd,26697,100,0,0,0,A
P2-90-10_S40,AAT1a,95,T,Fwd,26697,0,93,0,7,C/T
P2-90-10_S40,AAT1a,114,G,Fwd,26697,99,0,0,0,A
P2-90-10_S40,AAT1a,149,T,Fwd,26697,0,7,0,93,C/T
P2-90-10_S40,ACC1,209,A,Fwd,14734,12,88,0,0,A/C
P2-90-10_S40,ACC1,315,C,Rev,14465,0,12,0,88,C/T
P2-90-10_S40,ACC1,397,T,Rev,14524,0,0,7,93,G/T
P2-90-10_S40,ACC1,399,C,Rev,14524,5,95,0,0,A/C
P2-90-10_S40,ADP1,35,C,Fwd,27390,0,87,0,13,C/T
P2-90-10_S40,ADP1,41,C,Fwd,27390,0,87,0,13,C/T
P2-90-10_S40,ADP1,104,A,Fwd,27390,87,0,13,0,A/G
P2-90-10_S40,ADP1,120,A,Fwd,27390,93,0,7,0,A/G
P2-90-10_S40,ADP1,161,G,Fwd,27382,13,0,87,0,A/G
P2-90-10_S40,ADP1,200,G,Fwd,27382,13,0,87,0,A/G
P2-90-10_S40,ADP1,220,T,Fwd,27382,13,0,0,87,A/T
P2-90-10_S40,ADP1,227,C,Fwd,27382,0,87,0,13,C/T
P2-90-10_S40,MPI,48,A,Fwd,27671,55,0,45,0,A/G
P2-90-10_S40,MPI,55,G,Fwd,27671,45,0,55,0,A/G
P2-90-10_S40,MPI,57,T,Fwd,27671,0,45,0,55,C/T
P2-90-10_S40,MPI,87,T,Fwd,27671,0,0,45,55,G/T
P2-90-10_S40,MPI,93,A,Fwd,27671,55,0,0,45,A/T
P2-90-10_S40,MPI,109,A,Fwd,27671,50,0,50,0,A/G
P2-90-10_S40,SYA1,21,A,Fwd,24987,0,100,0,0,C
P2-90-10_S40,SYA1,57,G,Fwd,24987,6,0,94,0,A/G
P2-90-10_S40,SYA1,96,C,Fwd,24987,0,6,0,94,C/T
P2-90-10_S40,SYA1,138,A,Fwd,24987,6,0,94,0,A/G
P2-90-10_S40,SYA1,156,T,Fwd,24987,0,94,0,6,C/T
P2-90-10_S40,VPS13,60,C,Fwd,18462,6,94,0,0,A/C
P2-90-10_S40,VPS13,292,A,Rev,18516,49,0,51,0,A/G
P2-90-10_S40,VPS13,331,G,Rev,18516,6,0,94,0,A/G
P2-90-10_S40,VPS13,333,G,Rev,18516,0,0,43,57,G/T
P2-90-10_S40,VPS13,349,G,Rev,18516,0,45,55,0,C/G
P2-90-10_S40,VPS13,381,T,Rev,18516,51,0,0,49,A/T
P2-90-10_S40,VPS13,386,T,Rev,18516,3,53,0,43,C/T
P2-90-10_S40,VPS13,410,C,Rev,18516,6,94,0,0,A/C
P2-90-10_S40,ZWF1b,102,C,Fwd,17634,0,94,0,6,C/T
P2-90-10_S40,ZWF1b,189,C,Fwd,17633,6,94,0,0,A/C
P2-90-10_S40,ZWF1b,201,A,Fwd,17629,94,0,6,0,A/G
P2-90-10_S40,ZWF1b,264,C,Rev,17508,0,49,0,51,C/T
P2-90-10_S40,ZWF1b,306,C,Rev,17508,0,43,0,57,C/T
M05-OR_S11,AAT1a,32,A,Fwd,10175,62,0,38,0,A/G
M05-OR_S11,AAT1a,65,G,Fwd,10175,100,0,0,0,A
M05-OR_S11,AAT1a,114,G,Fwd,10175,99,0,0,0,A
M05-OR_S11,AAT1a,149,T,Fwd,10175,0,100,0,0,C
M05-OR_S11,ACC1,397,T,Rev,7761,0,0,7,92,G/T
M05-OR_S11,ACC1,399,C,Rev,7761,6,94,0,0,A/C
M05-OR_S11,ADP1,35,C,Fwd,16017,0,49,0,51,C/T
M05-OR_S11,ADP1,41,C,Fwd,16017,0,49,0,51,C/T
M05-OR_S11,ADP1,104,A,Fwd,16017,49,0,51,0,A/G
M05-OR_S11,ADP1,120,A,Fwd,16017,49,0,51,0,A/G
M05-OR_S11,ADP1,161,G,Fwd,16014,51,0,49,0,A/G
M05-OR_S11,ADP1,200,G,Fwd,16014,51,0,49,0,A/G
M05-OR_S11,ADP1,220,T,Fwd,16014,51,0,0,49,A/T
M05-OR_S11,ADP1,227,C,Fwd,16014,0,48,0,51,C/T
M05-OR_S11,MPI,48,A,Fwd,17111,48,0,52,0,A/G
M05-OR_S11,MPI,55,G,Fwd,17111,52,0,48,0,A/G
M05-OR_S11,MPI,57,T,Fwd,17111,0,52,0,48,C/T
M05-OR_S11,MPI,87,T,Fwd,17111,0,0,51,48,G/T
M05-OR_S11,MPI,93,A,Fwd,17111,48,0,0,51,A/T
M05-OR_S11,MPI,109,A,Fwd,17111,49,0,51,0,A/G
M05-OR_S11,SYA1,21,A,Fwd,16239,50,49,0,0,A/C
M05-OR_S11,SYA1,57,G,Fwd,16239,50,0,50,0,A/G
M05-OR_S11,SYA1,96,C,Fwd,16239,0,0,0,100,T
M05-OR_S11,SYA1,138,A,Fwd,16239,1,0,99,0,G
M05-OR_S11,SYA1,156,T,Fwd,16239,0,99,0,0,C
M05-OR_S11,SYA1,303,C,Rev,16175,49,51,0,0,A/C
M05-OR_S11,VPS13,60,C,Fwd,11168,40,60,0,0,A/C
M05-OR_S11,VPS13,292,A,Rev,11178,50,0,50,0,A/G
M05-OR_S11,VPS13,331,G,Rev,11178,50,0,50,0,A/G
M05-OR_S11,VPS13,333,G,Rev,11178,0,0,50,50,G/T
M05-OR_S11,VPS13,381,T,Rev,11178,50,0,0,50,A/T
M05-OR_S11,VPS13,386,T,Rev,11178,4,46,0,50,C/T
M05-OR_S11,VPS13,410,C,Rev,11178,5,94,0,0,A/C
M05-OR_S11,ZWF1b,264,C,Rev,12444,0,0,0,100,T
M05-OR_S11,ZWF1b,306,C,Rev,12444,0,0,0,100,T
HUN91-S_S18,AAT1a,53,T,Fwd,15566,0,50,0,49,C/T
HUN91-S_S18,AAT1a,65,G,Fwd,15566,49,0,50,0,A/G
HUN91-S_S18,AAT1a,114,G,Fwd,15566,99,0,0,0,A
HUN91-S_S18,AAT1a,149,T,Fwd,15566,0,49,0,51,C/T
HUN91-S_S18,ACC1,279,C,Rev,9483,0,1,0,99,T
HUN91-S_S18,ACC1,397,T,Rev,9483,0,0,6,94,G/T
HUN91-S_S18,ACC1,399,C,Rev,9483,6,94,0,0,A/C
HUN91-S_S18,MPI,48,A,Fwd,15244,0,0,100,0,G
HUN91-S_S18,MPI,55,G,Fwd,15244,99,0,1,0,A
HUN91-S_S18,MPI,57,T,Fwd,15244,0,100,0,0,C
HUN91-S_S18,MPI,87,T,Fwd,15244,0,0,99,0,G
HUN91-S_S18,MPI,93,A,Fwd,15244,0,0,0,100,T
HUN91-S_S18,MPI,109,A,Fwd,15244,0,0,100,0,G
HUN91-S_S18,SYA1,21,A,Fwd,13840,48,52,0,0,A/C
HUN91-S_S18,SYA1,57,G,Fwd,13840,99,0,1,0,A
HUN91-S_S18,SYA1,96,C,Fwd,13840,0,0,0,100,T
HUN91-S_S18,SYA1,138,A,Fwd,13840,1,0,99,0,G
HUN91-S_S18,SYA1,156,T,Fwd,13840,0,99,0,0,C
HUN91-S_S18,SYA1,303,C,Rev,13755,49,51,0,0,A/C
HUN91-S_S18,SYA1,347,C,Rev,13755,0,49,0,51,C/T
HUN91-S_S18,SYA1,348,C,Rev,13755,0,49,0,51,C/T
HUN91-S_S18,VPS13,333,G,Rev,11042,0,0,0,100,T
HUN91-S_S18,VPS13,337,G,Rev,11042,99,0,1,0,A
HUN91-S_S18,VPS13,386,T,Rev,11042,6,94,0,0,A/C
HUN91-S_S18,ZWF1b,264,C,Rev,13153,0,0,0,99,T
HUN91-S_S18,ZWF1b,306,C,Rev,13153,0,0,0,100,T
gaymc-c-S_S15,AAT1a,65,G,Fwd,18463,99,0,1,0,A
gaymc-c-S_S15,AAT1a,95,T,Fwd,18463,0,99,0,1,C
gaymc-c-S_S15,AAT1a,114,G,Fwd,18463,99,0,0,0,A
gaymc-c-S_S15,ACC1,209,A,Fwd,10757,2,98,0,0,C
gaymc-c-S_S15,ACC1,315,C,Rev,10571,0,2,0,98,T
gaymc-c-S_S15,ACC1,397,T,Rev,10612,0,0,7,92,G/T
gaymc-c-S_S15,ACC1,399,C,Rev,10612,8,92,0,0,A/C
gaymc-c-S_S15,ADP1,35,C,Fwd,28714,0,87,0,12,C/T
gaymc-c-S_S15,ADP1,41,C,Fwd,28714,0,87,0,13,C/T
gaymc-c-S_S15,ADP1,104,A,Fwd,28714,87,0,13,0,A/G
gaymc-c-S_S15,ADP1,120,A,Fwd,28714,87,0,13,0,A/G
gaymc-c-S_S15,ADP1,161,G,Fwd,28711,13,0,87,0,A/G
gaymc-c-S_S15,ADP1,200,G,Fwd,28711,13,0,87,0,A/G
gaymc-c-S_S15,ADP1,220,T,Fwd,28711,13,0,0,87,A/T
gaymc-c-S_S15,ADP1,227,C,Fwd,28711,0,87,0,13,C/T
gaymc-c-S_S15,MPI,48,A,Fwd,16944,48,0,52,0,A/G
gaymc-c-S_S15,MPI,55,G,Fwd,16944,52,0,48,0,A/G
gaymc-c-S_S15,MPI,57,T,Fwd,16944,0,52,0,48,C/T
gaymc-c-S_S15,MPI,87,T,Fwd,16944,0,0,52,48,G/T
gaymc-c-S_S15,MPI,93,A,Fwd,16944,48,0,0,52,A/T
gaymc-c-S_S15,MPI,109,A,Fwd,16944,48,0,52,0,A/G
gaymc-c-S_S15,SYA1,21,A,Fwd,15327,0,100,0,0,C
gaymc-c-S_S15,SYA1,96,C,Fwd,15327,0,0,0,100,T
gaymc-c-S_S15,SYA1,138,A,Fwd,15327,0,0,99,0,G
gaymc-c-S_S15,SYA1,156,T,Fwd,15327,0,100,0,0,C
gaymc-c-S_S15,VPS13,292,A,Rev,11897,50,0,50,0,A/G
gaymc-c-S_S15,VPS13,333,G,Rev,11897,0,0,50,50,G/T
gaymc-c-S_S15,VPS13,349,G,Rev,11897,0,50,50,0,C/G
gaymc-c-S_S15,VPS13,381,T,Rev,11897,50,0,0,50,A/T
gaymc-c-S_S15,VPS13,386,T,Rev,11897,3,47,0,50,C/T
gaymc-c-S_S15,ZWF1b,264,C,Rev,14382,0,50,0,50,C/T
gaymc-c-S_S15,ZWF1b,306,C,Rev,14382,0,49,0,50,C/T
12-0046-S_S21,AAT1a,65,G,Fwd,17882,97,0,3,0,A
12-0046-S_S21,AAT1a,114,G,Fwd,17882,100,0,0,0,A
12-0046-S_S21,AAT1a,149,T,Fwd,17882,0,97,0,3,C
12-0046-S_S21,ACC1,279,C,Rev,10267,0,31,0,69,C/T
12-0046-S_S21,ACC1,397,T,Rev,10267,1,0,9,90,G/T
12-0046-S_S21,ACC1,399,C,Rev,10267,6,93,0,0,A/C
12-0046-S_S21,ADP1,35,C,Fwd,21403,0,52,0,48,C/T
12-0046-S_S21,ADP1,41,C,Fwd,21403,0,51,0,49,C/T
12-0046-S_S21,ADP1,104,A,Fwd,21403,51,0,48,0,A/G
12-0046-S_S21,ADP1,120,A,Fwd,21402,52,0,48,0,A/G
12-0046-S_S21,ADP1,161,G,Fwd,21402,48,0,52,0,A/G
12-0046-S_S21,ADP1,200,G,Fwd,21402,48,0,52,0,A/G
12-0046-S_S21,ADP1,220,T,Fwd,21402,48,0,0,52,A/T
12-0046-S_S21,ADP1,227,C,Fwd,21402,0,52,0,48,C/T
12-0046-S_S21,MPI,42,G,Fwd,18032,51,0,49,0,A/G
12-0046-S_S21,MPI,48,A,Fwd,18032,0,0,100,0,G
12-0046-S_S21,MPI,55,G,Fwd,18032,99,0,1,0,A
12-0046-S_S21,MPI,57,T,Fwd,18032,0,100,0,0,C
12-0046-S_S21,MPI,87,T,Fwd,18032,0,0,99,0,G
12-0046-S_S21,MPI,93,A,Fwd,18032,0,0,0,100,T
12-0046-S_S21,MPI,109,A,Fwd,18032,0,0,100,0,G
12-0046-S_S21,SYA1,21,A,Fwd,18514,50,50,0,0,A/C
12-0046-S_S21,VPS13,223,G,Fwd,15045,53,0,47,0,A/G
12-0046-S_S21,VPS13,252,A,Rev,15017,1,0,99,0,G
12-0046-S_S21,VPS13,292,A,Rev,15017,0,0,100,0,G
12-0046-S_S21,VPS13,293,G,Rev,15017,47,0,53,0,A/G
12-0046-S_S21,VPS13,333,G,Rev,15017,0,0,0,100,T
12-0046-S_S21,VPS13,345,G,Rev,15017,53,0,47,0,A/G
12-0046-S_S21,VPS13,381,T,Rev,15017,53,0,0,47,A/T
12-0046-S_S21,VPS13,386,T,Rev,15017,7,93,0,0,A/C
12-0046-S_S21,VPS13,410,C,Rev,15017,5,94,0,0,A/C
12-0046-S_S21,ZWF1b,264,C,Rev,16579,0,49,0,50,C/T
12-0046-S_S21,ZWF1b,306,C,Rev,16579,0,0,0,100,T
13-0190_S5,AAT1a,65,G,Fwd,11826,100,0,0,0,A
13-0190_S5,AAT1a,114,G,Fwd,11826,99,0,0,0,A
13-0190_S5,AAT1a,149,T,Fwd,11826,0,100,0,0,C
13-0190_S5,ACC1,279,C,Rev,7238,0,19,0,81,C/T
13-0190_S5,ACC1,397,T,Rev,7238,0,0,12,88,G/T
13-0190_S5,ACC1,399,C,Rev,7238,9,91,0,0,A/C
13-0190_S5,ADP1,35,C,Fwd,14155,0,49,0,51,C/T
13-0190_S5,ADP1,41,C,Fwd,14155,0,48,0,52,C/T
13-0190_S5,ADP1,104,A,Fwd,14155,48,0,52,0,A/G
13-0190_S5,ADP1,120,A,Fwd,14155,0,0,100,0,G
13-0190_S5,ADP1,161,G,Fwd,14155,52,0,48,0,A/G
13-0190_S5,ADP1,200,G,Fwd,14155,52,0,48,0,A/G
13-0190_S5,ADP1,220,T,Fwd,14155,52,0,0,48,A/T
13-0190_S5,ADP1,227,C,Fwd,14155,0,48,0,52,C/T
13-0190_S5,MPI,48,A,Fwd,12974,0,0,100,0,G
13-0190_S5,MPI,55,G,Fwd,12974,100,0,0,0,A
13-0190_S5,MPI,57,T,Fwd,12974,0,100,0,0,C
13-0190_S5,MPI,87,T,Fwd,12974,0,0,100,0,G
13-0190_S5,MPI,93,A,Fwd,12974,0,0,0,100,T
13-0190_S5,MPI,109,A,Fwd,12974,0,0,100,0,G
13-0190_S5,MPI,255,C,Rev,12927,51,49,0,0,A/C
13-0190_S5,MPI,258,A,Rev,12927,49,0,51,0,A/G
13-0190_S5,MPI,297,G,Rev,12927,51,0,49,0,A/G
13-0190_S5,MPI,310,A,Rev,12927,49,0,51,0,A/G
13-0190_S5,SYA1,21,A,Fwd,12773,48,52,0,0,A/C
13-0190_S5,SYA1,57,G,Fwd,12773,52,0,48,0,A/G
13-0190_S5,SYA1,96,C,Fwd,12773,0,48,0,52,C/T
13-0190_S5,SYA1,138,A,Fwd,12773,48,0,51,0,A/G
13-0190_S5,SYA1,156,T,Fwd,12773,0,51,0,49,C/T
13-0190_S5,SYA1,347,C,Rev,12707,0,48,0,52,C/T
13-0190_S5,VPS13,60,C,Fwd,9729,51,49,0,0,A/C
13-0190_S5,VPS13,252,A,Rev,9717,51,0,49,0,A/G
13-0190_S5,VPS13,292,A,Rev,9717,0,0,100,0,G
13-0190_S5,VPS13,293,G,Rev,9717,49,0,50,0,A/G
13-0190_S5,VPS13,331,G,Rev,9717,50,0,50,0,A/G
13-0190_S5,VPS13,333,G,Rev,9717,0,0,0,100,T
13-0190_S5,VPS13,381,T,Rev,9717,50,0,0,50,A/T
13-0190_S5,VPS13,386,T,Rev,9717,7,92,0,0,A/C
13-0190_S5,VPS13,410,C,Rev,9717,5,95,0,0,A/C
13-0190_S5,ZWF1b,264,C,Rev,11007,0,49,0,51,C/T
13-0190_S5,ZWF1b,306,C,Rev,11007,0,0,0,100,T
P2-50-50_S38,AAT1a,32,A,Fwd,18924,62,0,38,0,A/G
P2-50-50_S38,AAT1a,65,G,Fwd,18924,99,0,1,0,A
P2-50-50_S38,AAT1a,95,T,Fwd,18924,0,62,0,38,C/T
P2-50-50_S38,AAT1a,114,G,Fwd,18924,99,0,0,0,A
P2-50-50_S38,AAT1a,149,T,Fwd,18924,0,38,0,62,C/T
P2-50-50_S38,ACC1,209,A,Fwd,11069,53,47,0,0,A/C
P2-50-50_S38,ACC1,315,C,Rev,10811,0,53,0,47,C/T
P2-50-50_S38,ACC1,397,T,Rev,10833,1,0,8,91,G/T
P2-50-50_S38,ACC1,399,C,Rev,10833,7,92,0,0,A/C
P2-50-50_S38,ADP1,35,C,Fwd,21190,0,48,0,52,C/T
P2-50-50_S38,ADP1,41,C,Fwd,21190,0,47,0,52,C/T
P2-50-50_S38,ADP1,104,A,Fwd,21190,47,0,52,0,A/G
P2-50-50_S38,ADP1,120,A,Fwd,21189,74,0,26,0,A/G
P2-50-50_S38,ADP1,161,G,Fwd,21186,53,0,47,0,A/G
P2-50-50_S38,ADP1,200,G,Fwd,21186,53,0,47,0,A/G
P2-50-50_S38,ADP1,220,T,Fwd,21186,53,0,0,47,A/T
P2-50-50_S38,ADP1,227,C,Fwd,21186,0,47,0,53,C/T
P2-50-50_S38,MPI,48,A,Fwd,20885,75,0,25,0,A/G
P2-50-50_S38,MPI,55,G,Fwd,20885,24,0,75,0,A/G
P2-50-50_S38,MPI,57,T,Fwd,20885,0,25,0,75,C/T
P2-50-50_S38,MPI,87,T,Fwd,20885,0,0,25,75,G/T
P2-50-50_S38,MPI,93,A,Fwd,20885,75,0,0,25,A/T
P2-50-50_S38,MPI,109,A,Fwd,20885,48,0,52,0,A/G
P2-50-50_S38,SYA1,21,A,Fwd,19227,0,100,0,0,C
P2-50-50_S38,SYA1,57,G,Fwd,19227,27,0,73,0,A/G
P2-50-50_S38,SYA1,96,C,Fwd,19227,0,27,0,73,C/T
P2-50-50_S38,SYA1,138,A,Fwd,19227,27,0,73,0,A/G
P2-50-50_S38,SYA1,156,T,Fwd,19227,0,73,0,27,C/T
P2-50-50_S38,VPS13,60,C,Fwd,14159,27,73,0,0,A/C
P2-50-50_S38,VPS13,292,A,Rev,14085,51,0,49,0,A/G
P2-50-50_S38,VPS13,331,G,Rev,14085,27,0,73,0,A/G
P2-50-50_S38,VPS13,333,G,Rev,14085,0,0,23,77,G/T
P2-50-50_S38,VPS13,349,G,Rev,14085,0,23,77,0,C/G
P2-50-50_S38,VPS13,381,T,Rev,14085,49,0,0,51,A/T
P2-50-50_S38,VPS13,386,T,Rev,14085,5,71,0,23,A/C/T
P2-50-50_S38,VPS13,410,C,Rev,14085,6,93,0,0,A/C
P2-50-50_S38,ZWF1b,102,C,Fwd,18628,0,72,0,28,C/T
P2-50-50_S38,ZWF1b,189,C,Fwd,18628,28,72,0,0,A/C
P2-50-50_S38,ZWF1b,201,A,Fwd,18626,73,0,27,0,A/G
P2-50-50_S38,ZWF1b,264,C,Rev,18456,0,50,0,50,C/T
P2-50-50_S38,ZWF1b,306,C,Rev,18456,0,23,0,77,C/T
RIHO9-S_S19,AAT1a,32,A,Fwd,20648,50,0,50,0,A/G
RIHO9-S_S19,AAT1a,65,G,Fwd,20648,50,0,50,0,A/G
RIHO9-S_S19,AAT1a,114,G,Fwd,20648,51,0,49,0,A/G
RIHO9-S_S19,AAT1a,149,T,Fwd,20648,0,51,0,49,C/T
RIHO9-S_S19,ACC1,397,T,Rev,11086,1,0,10,89,G/T
RIHO9-S_S19,ACC1,399,C,Rev,11086,9,90,0,0,A/C
RIHO9-S_S19,ADP1,30,A,Fwd,23007,49,0,51,0,A/G
RIHO9-S_S19,MPI,48,A,Fwd,17814,47,0,53,0,A/G
RIHO9-S_S19,MPI,55,G,Fwd,17814,52,0,48,0,A/G
RIHO9-S_S19,MPI,57,T,Fwd,17814,0,53,0,47,C/T
RIHO9-S_S19,MPI,87,T,Fwd,17814,0,0,52,47,G/T
RIHO9-S_S19,MPI,93,A,Fwd,17814,47,0,0,52,A/T
RIHO9-S_S19,MPI,109,A,Fwd,17814,48,0,52,0,A/G
RIHO9-S_S19,VPS13,228,T,Fwd,13439,0,51,0,49,C/T
RIHO9-S_S19,VPS13,292,A,Rev,13424,49,0,51,0,A/G
RIHO9-S_S19,VPS13,333,G,Rev,13424,0,0,48,51,G/T
RIHO9-S_S19,VPS13,381,T,Rev,13424,51,0,0,49,A/T
RIHO9-S_S19,VPS13,386,T,Rev,13424,4,47,0,49,C/T
RIHO9-S_S19,VPS13,410,C,Rev,13424,6,94,0,0,A/C
RIHO9-S_S19,ZWF1b,264,C,Rev,14966,0,67,0,33,C/T
RIHO9-S_S19,ZWF1b,306,C,Rev,14966,0,67,0,33,C/T
14-MB2484-S_S32,AAT1a,65,G,Fwd,2469,99,0,0,0,A
14-MB2484-S_S32,AAT1a,95,T,Fwd,2469,0,99,0,0,C
14-MB2484-S_S32,AAT1a,114,G,Fwd,2469,99,0,0,0,A
14-MB2484-S_S32,AAT1a,149,T,Fwd,2469,0,100,0,0,C
14-MB2484-S_S32,ACC1,279,C,Rev,1435,0,0,0,100,T
14-MB2484-S_S32,ACC1,397,T,Rev,1435,0,0,11,89,G/T
14-MB2484-S_S32,ACC1,399,C,Rev,1435,5,95,0,0,A/C
14-MB2484-S_S32,ADP1,35,C,Fwd,2539,0,58,0,42,C/T
14-MB2484-S_S32,ADP1,41,C,Fwd,2539,0,57,0,43,C/T
14-MB2484-S_S32,ADP1,104,A,Fwd,2539,56,0,44,0,A/G
14-MB2484-S_S32,ADP1,120,A,Fwd,2539,0,0,99,0,G
14-MB2484-S_S32,ADP1,161,G,Fwd,2539,100,0,0,0,A
14-MB2484-S_S32,ADP1,200,G,Fwd,2539,99,0,1,0,A
14-MB2484-S_S32,ADP1,220,T,Fwd,2539,99,0,0,0,A
14-MB2484-S_S32,ADP1,227,C,Fwd,2539,0,0,0,100,T
14-MB2484-S_S32,ADP1,277,G,Rev,2516,0,41,58,0,C/G
14-MB2484-S_S32,MPI,48,A,Fwd,2354,0,0,100,0,G
14-MB2484-S_S32,MPI,55,G,Fwd,2354,99,0,0,0,A
14-MB2484-S_S32,MPI,57,T,Fwd,2354,0,100,0,0,C
14-MB2484-S_S32,MPI,87,T,Fwd,2354,0,0,100,0,G
14-MB2484-S_S32,MPI,93,A,Fwd,2354,0,0,0,100,T
14-MB2484-S_S32,MPI,109,A,Fwd,2354,0,0,100,0,G
14-MB2484-S_S32,SYA1,21,A,Fwd,2542,49,51,0,0,A/C
14-MB2484-S_S32,SYA1,57,G,Fwd,2542,99,0,1,0,A
14-MB2484-S_S32,SYA1,96,C,Fwd,2542,0,49,0,51,C/T
14-MB2484-S_S32,SYA1,138,A,Fwd,2542,48,0,52,0,A/G
14-MB2484-S_S32,SYA1,156,T,Fwd,2542,0,52,0,48,C/T
14-MB2484-S_S32,SYA1,347,C,Rev,2518,0,49,0,51,C/T
14-MB2484-S_S32,VPS13,252,A,Rev,1757,50,0,50,0,A/G
14-MB2484-S_S32,VPS13,292,A,Rev,1757,49,0,51,0,A/G
14-MB2484-S_S32,VPS13,333,G,Rev,1757,0,0,0,100,T
14-MB2484-S_S32,VPS13,337,G,Rev,1757,48,0,52,0,A/G
14-MB2484-S_S32,VPS13,386,T,Rev,1757,7,93,0,0,A/C
14-MB2484-S_S32,VPS13,410,C,Rev,1757,6,94,0,0,A/C
14-MB2484-S_S32,ZWF1b,306,C,Rev,2077,0,0,0,100,T
12-0017-S_S29,AAT1a,65,G,Fwd,21793,100,0,0,0,A
12-0017-S_S29,AAT1a,114,G,Fwd,21793,100,0,0,0,A
12-0017-S_S29,AAT1a,149,T,Fwd,21793,0,100,0,0,C
12-0017-S_S29,ACC1,279,C,Rev,12091,0,26,0,73,C/T
12-0017-S_S29,ACC1,397,T,Rev,12091,0,0,12,88,G/T
12-0017-S_S29,ACC1,399,C,Rev,12091,8,92,0,0,A/C
12-0017-S_S29,ADP1,35,C,Fwd,24485,0,51,0,49,C/T
12-0017-S_S29,ADP1,41,C,Fwd,24485,0,50,0,50,C/T
12-0017-S_S29,ADP1,104,A,Fwd,24485,50,0,50,0,A/G
12-0017-S_S29,ADP1,120,A,Fwd,24484,0,0,100,0,G
12-0017-S_S29,ADP1,161,G,Fwd,24485,50,0,50,0,A/G
12-0017-S_S29,ADP1,200,G,Fwd,24485,50,0,50,0,A/G
12-0017-S_S29,ADP1,220,T,Fwd,24485,50,0,0,50,A/T
12-0017-S_S29,ADP1,227,C,Fwd,24485,0,50,0,50,C/T
12-0017-S_S29,MPI,48,A,Fwd,20543,0,0,100,0,G
12-0017-S_S29,MPI,55,G,Fwd,20543,100,0,0,0,A
12-0017-S_S29,MPI,57,T,Fwd,20543,0,100,0,0,C
12-0017-S_S29,MPI,87,T,Fwd,20543,0,0,100,0,G
12-0017-S_S29,MPI,93,A,Fwd,20543,0,0,0,100,T
12-0017-S_S29,MPI,109,A,Fwd,20543,0,0,100,0,G
12-0017-S_S29,MPI,255,C,Rev,20563,51,49,0,0,A/C
12-0017-S_S29,MPI,258,A,Rev,20563,49,0,51,0,A/G
12-0017-S_S29,MPI,297,G,Rev,20563,51,0,49,0,A/G
12-0017-S_S29,MPI,310,A,Rev,20563,49,0,51,0,A/G
12-0017-S_S29,SYA1,21,A,Fwd,20935,50,50,0,0,A/C
12-0017-S_S29,SYA1,57,G,Fwd,20935,50,0,50,0,A/G
12-0017-S_S29,SYA1,96,C,Fwd,20935,0,50,0,50,C/T
12-0017-S_S29,SYA1,138,A,Fwd,20935,50,0,50,0,A/G
12-0017-S_S29,SYA1,156,T,Fwd,20935,0,50,0,50,C/T
12-0017-S_S29,SYA1,347,C,Rev,20811,0,49,0,51,C/T
12-0017-S_S29,VPS13,60,C,Fwd,15921,50,50,0,0,A/C
12-0017-S_S29,VPS13,252,A,Rev,15924,50,0,50,0,A/G
12-0017-S_S29,VPS13,292,A,Rev,15924,0,0,100,0,G
12-0017-S_S29,VPS13,293,G,Rev,15924,50,0,50,0,A/G
12-0017-S_S29,VPS13,331,G,Rev,15924,50,0,50,0,A/G
12-0017-S_S29,VPS13,333,G,Rev,15924,0,0,0,100,T
12-0017-S_S29,VPS13,381,T,Rev,15924,50,0,0,50,A/T
12-0017-S_S29,VPS13,386,T,Rev,15924,7,93,0,0,A/C
12-0017-S_S29,ZWF1b,264,C,Rev,18192,0,50,0,50,C/T
12-0017-S_S29,ZWF1b,306,C,Rev,18192,0,0,0,100,T
12-0267_S6,AAT1a,53,T,Fwd,12882,0,99,0,1,C
12-0267_S6,AAT1a,114,G,Fwd,12882,99,0,0,0,A
12-0267_S6,ACC1,81,G,Fwd,7941,20,0,80,0,A/G
12-0267_S6,ACC1,397,T,Rev,7842,0,0,6,94,G/T
12-0267_S6,ACC1,399,C,Rev,7842,6,93,0,0,A/C
12-0267_S6,MPI,48,A,Fwd,15835,47,0,53,0,A/G
12-0267_S6,MPI,55,G,Fwd,15835,53,0,47,0,A/G
12-0267_S6,MPI,57,T,Fwd,15835,0,53,0,47,C/T
12-0267_S6,MPI,87,T,Fwd,15835,0,0,53,46,G/T
12-0267_S6,MPI,93,A,Fwd,15835,47,0,0,53,A/T
12-0267_S6,MPI,109,A,Fwd,15835,47,0,53,0,A/G
12-0267_S6,MPI,255,C,Rev,15820,52,48,0,0,A/C
12-0267_S6,MPI,258,A,Rev,15820,48,0,52,0,A/G
12-0267_S6,MPI,297,G,Rev,15820,52,0,48,0,A/G
12-0267_S6,MPI,310,A,Rev,15820,48,0,52,0,A/G
12-0267_S6,SYA1,21,A,Fwd,14508,0,100,0,0,C
12-0267_S6,SYA1,96,C,Fwd,14508,0,0,0,100,T
12-0267_S6,SYA1,138,A,Fwd,14508,0,0,100,0,G
12-0267_S6,SYA1,156,T,Fwd,14508,0,99,0,0,C
12-0267_S6,SYA1,347,C,Rev,14390,0,0,0,100,T
12-0267_S6,VPS13,228,T,Fwd,10408,0,99,0,0,C
12-0267_S6,VPS13,292,A,Rev,10417,0,0,100,0,G
12-0267_S6,VPS13,333,G,Rev,10417,0,0,0,100,T
12-0267_S6,VPS13,381,T,Rev,10417,100,0,0,0,A
12-0267_S6,VPS13,386,T,Rev,10417,6,94,0,0,A/C
12-0267_S6,ZWF1b,264,C,Rev,13521,0,58,0,42,C/T
12-0267_S6,ZWF1b,306,C,Rev,13521,0,0,0,100,T
P2B_S45,AAT1a,53,T,Fwd,16389,0,99,0,1,C
P2B_S45,AAT1a,114,G,Fwd,16389,99,0,0,0,A
P2B_S45,ACC1,81,G,Fwd,10495,20,0,79,0,A/G
P2B_S45,ACC1,397,T,Rev,10359,0,0,8,91,G/T
P2B_S45,ACC1,399,C,Rev,10359,6,94,0,0,A/C
P2B_S45,MPI,48,A,Fwd,22431,47,0,53,0,A/G
P2B_S45,MPI,55,G,Fwd,22431,53,0,47,0,A/G
P2B_S45,MPI,57,T,Fwd,22431,0,53,0,47,C/T
P2B_S45,MPI,87,T,Fwd,22431,0,0,53,46,G/T
P2B_S45,MPI,93,A,Fwd,22431,46,0,0,53,A/T
P2B_S45,MPI,109,A,Fwd,22431,47,0,53,0,A/G
P2B_S45,MPI,255,C,Rev,22405,53,47,0,0,A/C
P2B_S45,MPI,258,A,Rev,22405,47,0,53,0,A/G
P2B_S45,MPI,297,G,Rev,22405,53,0,47,0,A/G
P2B_S45,MPI,310,A,Rev,22405,47,0,53,0,A/G
P2B_S45,SYA1,21,A,Fwd,20890,0,100,0,0,C
P2B_S45,SYA1,96,C,Fwd,20890,0,0,0,100,T
P2B_S45,SYA1,138,A,Fwd,20890,0,0,100,0,G
P2B_S45,SYA1,156,T,Fwd,20890,0,100,0,0,C
P2B_S45,SYA1,347,C,Rev,20766,0,0,0,100,T
P2B_S45,VPS13,228,T,Fwd,13626,0,99,0,0,C
P2B_S45,VPS13,292,A,Rev,13658,0,0,100,0,G
P2B_S45,VPS13,333,G,Rev,13658,0,0,0,100,T
P2B_S45,VPS13,381,T,Rev,13658,100,0,0,0,A
P2B_S45,VPS13,386,T,Rev,13658,6,93,0,0,A/C
P2B_S45,VPS13,410,C,Rev,13658,5,94,0,0,A/C
P2B_S45,ZWF1b,264,C,Rev,18901,0,49,0,50,C/T
P2B_S45,ZWF1b,306,C,Rev,18901,0,0,0,100,T
12-0039-S_S30,AAT1a,65,G,Fwd,25409,100,0,0,0,A
12-0039-S_S30,AAT1a,114,G,Fwd,25409,100,0,0,0,A
12-0039-S_S30,AAT1a,149,T,Fwd,25409,0,100,0,0,C
12-0039-S_S30,ACC1,279,C,Rev,13548,0,21,0,79,C/T
12-0039-S_S30,ACC1,397,T,Rev,13548,0,0,7,93,G/T
12-0039-S_S30,ACC1,399,C,Rev,13548,6,94,0,0,A/C
12-0039-S_S30,ADP1,35,C,Fwd,27402,0,51,0,49,C/T
12-0039-S_S30,ADP1,41,C,Fwd,27402,0,51,0,49,C/T
12-0039-S_S30,ADP1,104,A,Fwd,27402,50,0,49,0,A/G
12-0039-S_S30,ADP1,120,A,Fwd,27402,51,0,49,0,A/G
12-0039-S_S30,ADP1,161,G,Fwd,27396,49,0,51,0,A/G
12-0039-S_S30,ADP1,200,G,Fwd,27396,49,0,51,0,A/G
12-0039-S_S30,ADP1,220,T,Fwd,27396,49,0,0,51,A/T
12-0039-S_S30,ADP1,227,C,Fwd,27396,0,50,0,49,C/T
12-0039-S_S30,MPI,42,G,Fwd,23682,50,0,50,0,A/G
12-0039-S_S30,MPI,48,A,Fwd,23682,0,0,100,0,G
12-0039-S_S30,MPI,55,G,Fwd,23682,100,0,0,0,A
12-0039-S_S30,MPI,57,T,Fwd,23682,0,100,0,0,C
12-0039-S_S30,MPI,87,T,Fwd,23682,0,0,100,0,G
12-0039-S_S30,MPI,93,A,Fwd,23682,0,0,0,100,T
12-0039-S_S30,MPI,109,A,Fwd,23682,0,0,100,0,G
12-0039-S_S30,SYA1,21,A,Fwd,23996,50,50,0,0,A/C
12-0039-S_S30,SYA1,57,G,Fwd,23996,50,0,49,0,A/G
12-0039-S_S30,SYA1,96,C,Fwd,23996,0,49,0,51,C/T
12-0039-S_S30,SYA1,138,A,Fwd,23996,49,0,51,0,A/G
12-0039-S_S30,SYA1,156,T,Fwd,23996,0,51,0,49,C/T
12-0039-S_S30,SYA1,347,C,Rev,23911,0,49,0,51,C/T
12-0039-S_S30,VPS13,223,G,Fwd,19459,55,0,45,0,A/G
12-0039-S_S30,VPS13,252,A,Rev,19507,0,0,100,0,G
12-0039-S_S30,VPS13,292,A,Rev,19507,0,0,100,0,G
12-0039-S_S30,VPS13,293,G,Rev,19507,44,0,55,0,A/G
12-0039-S_S30,VPS13,333,G,Rev,19507,0,0,0,100,T
12-0039-S_S30,VPS13,345,G,Rev,19507,55,0,45,0,A/G
12-0039-S_S30,VPS13,381,T,Rev,19507,55,0,0,45,A/T
12-0039-S_S30,VPS13,386,T,Rev,19507,6,94,0,0,A/C
12-0039-S_S30,ZWF1b,264,C,Rev,21733,0,50,0,50,C/T
12-0039-S_S30,ZWF1b,306,C,Rev,21733,0,0,0,100,T
P1-90-10_S37,AAT1a,32,A,Fwd,19582,92,0,8,0,A/G
P1-90-10_S37,AAT1a,53,T,Fwd,19582,0,42,0,58,C/T
P1-90-10_S37,AAT1a,65,G,Fwd,19582,49,0,51,0,A/G
P1-90-10_S37,AAT1a,114,G,Fwd,19579,91,0,8,0,A/G
P1-90-10_S37,AAT1a,149,T,Fwd,19582,0,49,0,51,C/T
P1-90-10_S37,ACC1,209,A,Fwd,11369,91,8,0,0,A/C
P1-90-10_S37,ACC1,279,C,Rev,11212,0,16,0,84,C/T
P1-90-10_S37,ACC1,315,C,Rev,11206,0,91,0,9,C/T
P1-90-10_S37,ACC1,397,T,Rev,11212,0,0,12,87,G/T
P1-90-10_S37,ACC1,399,C,Rev,11212,5,95,0,0,A/C
P1-90-10_S37,ADP1,30,A,Fwd,20290,91,0,8,0,A/G
P1-90-10_S37,MPI,48,A,Fwd,20306,8,0,92,0,A/G
P1-90-10_S37,MPI,55,G,Fwd,20306,91,0,8,0,A/G
P1-90-10_S37,MPI,57,T,Fwd,20306,0,92,0,8,C/T
P1-90-10_S37,MPI,87,T,Fwd,20306,0,0,91,8,G/T
P1-90-10_S37,MPI,93,A,Fwd,20306,8,0,0,91,A/T
P1-90-10_S37,MPI,109,A,Fwd,20306,8,0,92,0,A/G
P1-90-10_S37,SYA1,21,A,Fwd,19434,56,44,0,0,A/C
P1-90-10_S37,SYA1,57,G,Fwd,19434,85,0,15,0,A/G
P1-90-10_S37,SYA1,96,C,Fwd,19434,0,15,0,85,C/T
P1-90-10_S37,SYA1,138,A,Fwd,19434,15,0,85,0,A/G
P1-90-10_S37,SYA1,156,T,Fwd,19434,0,85,0,15,C/T
P1-90-10_S37,SYA1,303,C,Rev,19233,42,58,0,0,A/C
P1-90-10_S37,SYA1,347,C,Rev,19233,0,56,0,44,C/T
P1-90-10_S37,SYA1,348,C,Rev,19233,0,56,0,44,C/T
P1-90-10_S37,VPS13,228,T,Fwd,13942,0,8,0,92,C/T
P1-90-10_S37,VPS13,292,A,Rev,13987,92,0,8,0,A/G
P1-90-10_S37,VPS13,333,G,Rev,13987,0,0,7,92,G/T
P1-90-10_S37,VPS13,337,G,Rev,13987,84,0,16,0,A/G
P1-90-10_S37,VPS13,381,T,Rev,13987,8,0,0,92,A/T
P1-90-10_S37,VPS13,386,T,Rev,13987,6,86,0,8,A/C/T
P1-90-10_S37,VPS13,410,C,Rev,13987,6,94,0,0,A/C
P1-90-10_S37,ZWF1b,264,C,Rev,18324,0,8,0,92,C/T
P1-90-10_S37,ZWF1b,306,C,Rev,18324,0,8,0,92,C/T
N2R_S48,AAT1a,32,A,Fwd,18555,87,0,13,0,A/G
N2R_S48,AAT1a,53,T,Fwd,18555,0,37,0,63,C/T
N2R_S48,AAT1a,65,G,Fwd,18555,48,0,52,0,A/G
N2R_S48,AAT1a,114,G,Fwd,18555,85,0,14,0,A/G
N2R_S48,AAT1a,149,T,Fwd,18555,0,48,0,52,C/T
N2R_S48,ACC1,209,A,Fwd,11092,86,14,0,0,A/C
N2R_S48,ACC1,279,C,Rev,10945,0,27,0,72,C/T
N2R_S48,ACC1,315,C,Rev,10940,0,86,0,14,C/T
N2R_S48,ACC1,397,T,Rev,10945,0,0,7,93,G/T
N2R_S48,ACC1,399,C,Rev,10945,8,92,0,0,A/C
N2R_S48,ADP1,30,A,Fwd,19116,86,0,14,0,A/G
N2R_S48,MPI,48,A,Fwd,17909,13,0,87,0,A/G
N2R_S48,MPI,55,G,Fwd,17909,87,0,13,0,A/G
N2R_S48,MPI,57,T,Fwd,17909,0,87,0,13,C/T
N2R_S48,MPI,87,T,Fwd,17909,0,0,86,13,G/T
N2R_S48,MPI,93,A,Fwd,17909,13,0,0,87,A/T
N2R_S48,MPI,109,A,Fwd,17909,14,0,86,0,A/G
N2R_S48,SYA1,21,A,Fwd,16976,61,39,0,0,A/C
N2R_S48,SYA1,57,G,Fwd,16976,74,0,26,0,A/G
N2R_S48,SYA1,96,C,Fwd,16976,0,25,0,75,C/T
N2R_S48,SYA1,138,A,Fwd,16976,25,0,74,0,A/G
N2R_S48,SYA1,156,T,Fwd,16976,0,74,0,26,C/T
N2R_S48,SYA1,303,C,Rev,16854,37,63,0,0,A/C
N2R_S48,SYA1,347,C,Rev,16854,0,62,0,38,C/T
N2R_S48,SYA1,348,C,Rev,16854,0,62,0,38,C/T
N2R_S48,VPS13,228,T,Fwd,13481,0,13,0,86,C/T
N2R_S48,VPS13,292,A,Rev,13547,86,0,14,0,A/G
N2R_S48,VPS13,333,G,Rev,13547,0,0,13,87,G/T
N2R_S48,VPS13,337,G,Rev,13547,73,0,27,0,A/G
N2R_S48,VPS13,381,T,Rev,13547,14,0,0,86,A/T
N2R_S48,VPS13,386,T,Rev,13547,5,81,0,13,A/C/T
N2R_S48,VPS13,410,C,Rev,13547,5,95,0,0,A/C
N2R_S48,ZWF1b,264,C,Rev,16267,0,13,0,87,C/T
N2R_S48,ZWF1b,306,C,Rev,16267,0,13,0,87,C/T
13-0099_S7,AAT1a,53,T,Fwd,16709,0,81,0,19,C/T
13-0099_S7,AAT1a,65,G,Fwd,16709,19,0,81,0,A/G
13-0099_S7,AAT1a,114,G,Fwd,16708,99,0,0,0,A
13-0099_S7,AAT1a,149,T,Fwd,16709,0,19,0,81,C/T
13-0099_S7,ACC1,81,G,Fwd,8899,18,0,82,0,A/G
13-0099_S7,ACC1,279,C,Rev,8728,0,84,0,15,C/T
13-0099_S7,ACC1,397,T,Rev,8728,1,0,10,90,G/T
13-0099_S7,ACC1,399,C,Rev,8728,9,91,0,0,A/C
13-0099_S7,ADP1,35,C,Fwd,18069,0,91,0,9,C/T
13-0099_S7,ADP1,41,C,Fwd,18069,0,90,0,10,C/T
13-0099_S7,ADP1,104,A,Fwd,18069,90,0,10,0,A/G
13-0099_S7,ADP1,120,A,Fwd,18069,88,0,12,0,A/G
13-0099_S7,ADP1,161,G,Fwd,18068,10,0,90,0,A/G
13-0099_S7,ADP1,200,G,Fwd,18068,10,0,90,0,A/G
13-0099_S7,ADP1,220,T,Fwd,18068,9,0,0,90,A/T
13-0099_S7,ADP1,227,C,Fwd,18068,0,90,0,10,C/T
13-0099_S7,MPI,42,G,Fwd,15997,7,0,93,0,A/G
13-0099_S7,MPI,48,A,Fwd,15997,39,0,61,0,A/G
13-0099_S7,MPI,55,G,Fwd,15997,61,0,39,0,A/G
13-0099_S7,MPI,57,T,Fwd,15997,0,61,0,39,C/T
13-0099_S7,MPI,87,T,Fwd,15997,0,0,61,39,G/T
13-0099_S7,MPI,93,A,Fwd,15997,39,0,0,61,A/T
13-0099_S7,MPI,109,A,Fwd,15997,39,0,61,0,A/G
13-0099_S7,MPI,255,C,Rev,15976,45,55,0,0,A/C
13-0099_S7,MPI,258,A,Rev,15976,55,0,45,0,A/G
13-0099_S7,MPI,297,G,Rev,15976,45,0,55,0,A/G
13-0099_S7,MPI,310,A,Rev,15976,55,0,45,0,A/G
13-0099_S7,SYA1,21,A,Fwd,15085,9,91,0,0,A/C
13-0099_S7,SYA1,57,G,Fwd,15085,10,0,90,0,A/G
13-0099_S7,SYA1,96,C,Fwd,15085,0,9,0,91,C/T
13-0099_S7,SYA1,138,A,Fwd,15085,10,0,90,0,A/G
13-0099_S7,SYA1,156,T,Fwd,15085,0,90,0,10,C/T
13-0099_S7,SYA1,347,C,Rev,14962,0,10,0,90,C/T
13-0099_S7,VPS13,223,G,Fwd,12016,7,0,93,0,A/G
13-0099_S7,VPS13,228,T,Fwd,12016,0,80,0,19,C/T
13-0099_S7,VPS13,252,A,Rev,12044,84,0,16,0,A/G
13-0099_S7,VPS13,292,A,Rev,12044,0,0,100,0,G
13-0099_S7,VPS13,293,G,Rev,12044,9,0,91,0,A/G
13-0099_S7,VPS13,333,G,Rev,12044,0,0,0,100,T
13-0099_S7,VPS13,345,G,Rev,12044,7,0,93,0,A/G
13-0099_S7,VPS13,381,T,Rev,12044,91,0,0,9,A/T
13-0099_S7,VPS13,386,T,Rev,12044,7,93,0,0,A/C
13-0099_S7,VPS13,410,C,Rev,12044,6,94,0,0,A/C
13-0099_S7,ZWF1b,264,C,Rev,13804,0,53,0,47,C/T
13-0099_S7,ZWF1b,306,C,Rev,13804,0,0,0,100,T
12-0016_S8,AAT1a,32,A,Fwd,14468,32,0,68,0,A/G
12-0016_S8,AAT1a,65,G,Fwd,14468,69,0,30,0,A/G
12-0016_S8,AAT1a,114,G,Fwd,14468,99,0,0,0,A
12-0016_S8,AAT1a,149,T,Fwd,14468,0,70,0,30,C/T
12-0016_S8,ACC1,27,T,Fwd,9174,29,0,0,71,A/T
12-0016_S8,ACC1,397,T,Rev,9048,0,0,13,87,G/T
12-0016_S8,ACC1,399,C,Rev,9048,5,95,0,0,A/C
12-0016_S8,ADP1,30,A,Fwd,16256,79,0,21,0,A/G
12-0016_S8,ADP1,35,C,Fwd,16256,0,71,0,29,C/T
12-0016_S8,ADP1,41,C,Fwd,16256,0,70,0,30,C/T
12-0016_S8,ADP1,104,A,Fwd,16256,70,0,30,0,A/G
12-0016_S8,ADP1,120,A,Fwd,16256,70,0,30,0,A/G
12-0016_S8,ADP1,161,G,Fwd,16256,30,0,70,0,A/G
12-0016_S8,ADP1,200,G,Fwd,16256,30,0,70,0,A/G
12-0016_S8,ADP1,220,T,Fwd,16256,30,0,0,70,A/T
12-0016_S8,ADP1,227,C,Fwd,16256,0,70,0,30,C/T
12-0016_S8,MPI,42,G,Fwd,14541,31,0,69,0,A/G
12-0016_S8,MPI,48,A,Fwd,14541,39,0,61,0,A/G
12-0016_S8,MPI,55,G,Fwd,14541,61,0,39,0,A/G
12-0016_S8,MPI,57,T,Fwd,14541,0,61,0,39,C/T
12-0016_S8,MPI,87,T,Fwd,14541,0,0,61,39,G/T
12-0016_S8,MPI,93,A,Fwd,14541,39,0,0,61,A/T
12-0016_S8,MPI,109,A,Fwd,14541,19,0,81,0,A/G
12-0016_S8,SYA1,21,A,Fwd,13991,22,78,0,0,A/C
12-0016_S8,SYA1,57,G,Fwd,13990,47,0,53,0,A/G
12-0016_S8,SYA1,96,C,Fwd,13991,0,42,0,58,C/T
12-0016_S8,SYA1,138,A,Fwd,13991,42,0,58,0,A/G
12-0016_S8,SYA1,156,T,Fwd,13991,0,76,0,23,C/T
12-0016_S8,SYA1,181,G,Fwd,13991,0,0,81,19,G/T
12-0016_S8,SYA1,347,C,Rev,13865,0,42,0,58,C/T
12-0016_S8,VPS13,228,T,Fwd,11146,0,48,0,51,C/T
12-0016_S8,VPS13,252,A,Rev,11123,68,0,32,0,A/G
12-0016_S8,VPS13,292,A,Rev,11123,20,0,80,0,A/G
12-0016_S8,VPS13,333,G,Rev,11123,0,0,0,100,T
12-0016_S8,VPS13,381,T,Rev,11123,50,0,0,49,A/T
12-0016_S8,VPS13,386,T,Rev,11123,7,93,0,0,A/C
12-0016_S8,VPS13,410,C,Rev,11123,6,94,0,0,A/C
12-0016_S8,ZWF1b,201,A,Fwd,12947,79,0,21,0,A/G
12-0016_S8,ZWF1b,264,C,Rev,12839,0,58,0,42,C/T
12-0016_S8,ZWF1b,306,C,Rev,12839,0,28,0,72,C/T
N1R_S44,AAT1a,65,G,Fwd,15628,100,0,0,0,A
N1R_S44,AAT1a,95,T,Fwd,15628,0,100,0,0,C
N1R_S44,AAT1a,114,G,Fwd,15628,100,0,0,0,A
N1R_S44,AAT1a,149,T,Fwd,15628,0,100,0,0,C
N1R_S44,ACC1,279,C,Rev,8597,0,0,0,99,T
N1R_S44,ACC1,397,T,Rev,8597,0,0,13,87,G/T
N1R_S44,ACC1,399,C,Rev,8597,5,94,0,0,A/C
N1R_S44,ADP1,35,C,Fwd,15708,0,58,0,42,C/T
N1R_S44,ADP1,41,C,Fwd,15708,0,57,0,43,C/T
N1R_S44,ADP1,104,A,Fwd,15708,57,0,43,0,A/G
N1R_S44,ADP1,120,A,Fwd,15708,0,0,100,0,G
N1R_S44,ADP1,161,G,Fwd,15707,99,0,0,0,A
N1R_S44,ADP1,200,G,Fwd,15707,99,0,0,0,A
N1R_S44,ADP1,220,T,Fwd,15707,99,0,0,0,A
N1R_S44,ADP1,227,C,Fwd,15707,0,0,0,100,T
N1R_S44,ADP1,277,G,Rev,15557,0,40,59,0,C/G
N1R_S44,MPI,48,A,Fwd,13329,0,0,100,0,G
N1R_S44,MPI,55,G,Fwd,13329,100,0,0,0,A
N1R_S44,MPI,57,T,Fwd,13329,0,100,0,0,C
N1R_S44,MPI,87,T,Fwd,13329,0,0,100,0,G
N1R_S44,MPI,93,A,Fwd,13329,0,0,0,100,T
N1R_S44,MPI,109,A,Fwd,13329,0,0,100,0,G
N1R_S44,SYA1,21,A,Fwd,13983,47,53,0,0,A/C
N1R_S44,SYA1,57,G,Fwd,13983,100,0,0,0,A
N1R_S44,SYA1,96,C,Fwd,13983,0,47,0,53,C/T
N1R_S44,SYA1,138,A,Fwd,13983,48,0,52,0,A/G
N1R_S44,SYA1,156,T,Fwd,13983,0,52,0,48,C/T
N1R_S44,SYA1,347,C,Rev,13928,0,49,0,51,C/T
N1R_S44,VPS13,252,A,Rev,11347,50,0,49,0,A/G
N1R_S44,VPS13,292,A,Rev,11347,50,0,50,0,A/G
N1R_S44,VPS13,333,G,Rev,11347,0,0,0,100,T
N1R_S44,VPS13,337,G,Rev,11347,50,0,50,0,A/G
N1R_S44,VPS13,386,T,Rev,11347,6,94,0,0,A/C
N1R_S44,VPS13,410,C,Rev,11347,6,94,0,0,A/C
N1R_S44,ZWF1b,306,C,Rev,12175,0,0,0,100,T
12-0425-S_S34,AAT1a,65,G,Fwd,3191,100,0,0,0,A
12-0425-S_S34,AAT1a,114,G,Fwd,3191,100,0,0,0,A
12-0425-S_S34,AAT1a,149,T,Fwd,3191,0,100,0,0,C
12-0425-S_S34,ACC1,279,C,Rev,1988,0,8,0,92,C/T
12-0425-S_S34,ACC1,397,T,Rev,1988,0,0,14,86,G/T
12-0425-S_S34,ACC1,399,C,Rev,1988,6,93,0,0,A/C
12-0425-S_S34,ADP1,35,C,Fwd,3713,0,52,0,48,C/T
12-0425-S_S34,ADP1,41,C,Fwd,3713,0,52,0,48,C/T
12-0425-S_S34,ADP1,104,A,Fwd,3713,52,0,48,0,A/G
12-0425-S_S34,ADP1,120,A,Fwd,3713,52,0,48,0,A/G
12-0425-S_S34,ADP1,161,G,Fwd,3713,48,0,52,0,A/G
12-0425-S_S34,ADP1,200,G,Fwd,3713,48,0,52,0,A/G
12-0425-S_S34,ADP1,220,T,Fwd,3713,48,0,0,52,A/T
12-0425-S_S34,ADP1,227,C,Fwd,3713,0,52,0,48,C/T
12-0425-S_S34,MPI,42,G,Fwd,3415,47,0,53,0,A/G
12-0425-S_S34,MPI,48,A,Fwd,3415,0,0,100,0,G
12-0425-S_S34,MPI,55,G,Fwd,3415,99,0,0,0,A
12-0425-S_S34,MPI,57,T,Fwd,3415,0,100,0,0,C
12-0425-S_S34,MPI,87,T,Fwd,3415,0,0,99,0,G
12-0425-S_S34,MPI,93,A,Fwd,3415,0,0,0,100,T
12-0425-S_S34,MPI,109,A,Fwd,3415,0,0,100,0,G
12-0425-S_S34,SYA1,21,A,Fwd,3150,49,51,0,0,A/C
12-0425-S_S34,SYA1,57,G,Fwd,3150,50,0,50,0,A/G
12-0425-S_S34,SYA1,96,C,Fwd,3150,0,49,0,51,C/T
12-0425-S_S34,SYA1,138,A,Fwd,3150,49,0,51,0,A/G
12-0425-S_S34,SYA1,156,T,Fwd,3150,0,51,0,49,C/T
12-0425-S_S34,SYA1,347,C,Rev,3138,0,48,0,52,C/T
12-0425-S_S34,VPS13,223,G,Fwd,2260,52,0,48,0,A/G
12-0425-S_S34,VPS13,252,A,Rev,2252,1,0,99,0,G
12-0425-S_S34,VPS13,292,A,Rev,2252,0,0,100,0,G
12-0425-S_S34,VPS13,293,G,Rev,2252,48,0,52,0,A/G
12-0425-S_S34,VPS13,333,G,Rev,2252,0,0,0,100,T
12-0425-S_S34,VPS13,345,G,Rev,2252,52,0,48,0,A/G
12-0425-S_S34,VPS13,381,T,Rev,2252,52,0,0,47,A/T
12-0425-S_S34,VPS13,386,T,Rev,2252,6,93,0,0,A/C
12-0425-S_S34,VPS13,410,C,Rev,2252,6,94,0,0,A/C
12-0425-S_S34,ZWF1b,264,C,Rev,2257,0,50,0,50,C/T
12-0425-S_S34,ZWF1b,306,C,Rev,2257,0,0,0,100,T
FJ9-S_S16,AAT1a,32,A,Fwd,19256,51,0,49,0,A/G
FJ9-S_S16,AAT1a,65,G,Fwd,19256,49,0,51,0,A/G
FJ9-S_S16,AAT1a,114,G,Fwd,19256,49,0,51,0,A/G
FJ9-S_S16,AAT1a,149,T,Fwd,19256,0,49,0,51,C/T
FJ9-S_S16,ACC1,209,A,Fwd,11635,49,51,0,0,A/C
FJ9-S_S16,ACC1,315,C,Rev,11451,0,50,0,50,C/T
FJ9-S_S16,ACC1,397,T,Rev,11482,0,0,7,93,G/T
FJ9-S_S16,ACC1,399,C,Rev,11482,5,95,0,0,A/C
FJ9-S_S16,ADP1,30,A,Fwd,19750,50,0,50,0,A/G
FJ9-S_S16,MPI,48,A,Fwd,21855,47,0,53,0,A/G
FJ9-S_S16,MPI,55,G,Fwd,21855,52,0,48,0,A/G
FJ9-S_S16,MPI,57,T,Fwd,21855,0,53,0,47,C/T
FJ9-S_S16,MPI,87,T,Fwd,21855,0,0,52,47,G/T
FJ9-S_S16,MPI,93,A,Fwd,21855,47,0,0,52,A/T
FJ9-S_S16,MPI,109,A,Fwd,21855,48,0,52,0,A/G
FJ9-S_S16,VPS13,228,T,Fwd,14617,1,50,0,49,C/T
FJ9-S_S16,VPS13,292,A,Rev,14626,50,0,50,0,A/G
FJ9-S_S16,VPS13,333,G,Rev,14626,0,0,49,51,G/T
FJ9-S_S16,VPS13,381,T,Rev,14626,50,0,0,49,A/T
FJ9-S_S16,VPS13,386,T,Rev,14626,3,48,0,49,C/T
FJ9-S_S16,VPS13,410,C,Rev,14626,5,95,0,0,A/C
FJ9-S_S16,ZWF1b,264,C,Rev,19024,0,51,0,49,C/T
FJ9-S_S16,ZWF1b,306,C,Rev,19024,0,51,0,49,C/T
P2-80-20_S39,AAT1a,32,A,Fwd,18862,87,0,13,0,A/G
P2-80-20_S39,AAT1a,65,G,Fwd,18862,99,0,0,0,A
P2-80-20_S39,AAT1a,95,T,Fwd,18862,0,86,0,14,C/T
P2-80-20_S39,AAT1a,114,G,Fwd,18862,99,0,0,0,A
P2-80-20_S39,AAT1a,149,T,Fwd,18862,0,13,0,87,C/T
P2-80-20_S39,ACC1,209,A,Fwd,11311,22,78,0,0,A/C
P2-80-20_S39,ACC1,315,C,Rev,11126,0,22,0,78,C/T
P2-80-20_S39,ACC1,397,T,Rev,11162,0,0,8,92,G/T
P2-80-20_S39,ACC1,399,C,Rev,11162,7,92,0,0,A/C
P2-80-20_S39,ADP1,35,C,Fwd,21573,0,79,0,21,C/T
P2-80-20_S39,ADP1,41,C,Fwd,21573,0,79,0,21,C/T
P2-80-20_S39,ADP1,104,A,Fwd,21573,78,0,22,0,A/G
P2-80-20_S39,ADP1,120,A,Fwd,21573,89,0,11,0,A/G
P2-80-20_S39,ADP1,161,G,Fwd,21572,21,0,79,0,A/G
P2-80-20_S39,ADP1,200,G,Fwd,21572,21,0,78,0,A/G
P2-80-20_S39,ADP1,220,T,Fwd,21572,21,0,0,78,A/T
P2-80-20_S39,ADP1,227,C,Fwd,21572,0,78,0,21,C/T
P2-80-20_S39,MPI,48,A,Fwd,17465,59,0,41,0,A/G
P2-80-20_S39,MPI,55,G,Fwd,17465,41,0,59,0,A/G
P2-80-20_S39,MPI,57,T,Fwd,17465,0,41,0,59,C/T
P2-80-20_S39,MPI,87,T,Fwd,17465,0,0,41,59,G/T
P2-80-20_S39,MPI,93,A,Fwd,17465,59,0,0,41,A/T
P2-80-20_S39,MPI,109,A,Fwd,17465,48,0,52,0,A/G
P2-80-20_S39,SYA1,21,A,Fwd,16982,0,100,0,0,C
P2-80-20_S39,SYA1,57,G,Fwd,16982,11,0,89,0,A/G
P2-80-20_S39,SYA1,96,C,Fwd,16982,0,11,0,89,C/T
P2-80-20_S39,SYA1,138,A,Fwd,16982,11,0,89,0,A/G
P2-80-20_S39,SYA1,156,T,Fwd,16982,0,89,0,11,C/T
P2-80-20_S39,VPS13,60,C,Fwd,13984,11,89,0,0,A/C
P2-80-20_S39,VPS13,292,A,Rev,14043,49,0,51,0,A/G
P2-80-20_S39,VPS13,331,G,Rev,14043,11,0,89,0,A/G
P2-80-20_S39,VPS13,333,G,Rev,14043,0,0,38,62,G/T
P2-80-20_S39,VPS13,349,G,Rev,14043,0,40,60,0,C/G
P2-80-20_S39,VPS13,381,T,Rev,14043,50,0,0,49,A/T
P2-80-20_S39,VPS13,386,T,Rev,14043,4,58,0,39,C/T
P2-80-20_S39,ZWF1b,102,C,Fwd,15391,0,89,0,11,C/T
P2-80-20_S39,ZWF1b,189,C,Fwd,15390,12,88,0,0,A/C
P2-80-20_S39,ZWF1b,201,A,Fwd,15390,89,0,11,0,A/G
P2-80-20_S39,ZWF1b,264,C,Rev,15315,0,50,0,50,C/T
P2-80-20_S39,ZWF1b,306,C,Rev,15315,0,39,0,61,C/T
FJ12-S_S17,AAT1a,32,A,Fwd,15561,1,0,99,0,G
FJ12-S_S17,AAT1a,65,G,Fwd,15561,99,0,1,0,A
FJ12-S_S17,AAT1a,114,G,Fwd,15561,100,0,0,0,A
FJ12-S_S17,AAT1a,149,T,Fwd,15561,0,99,0,1,C
FJ12-S_S17,ACC1,397,T,Rev,9845,0,0,12,88,G/T
FJ12-S_S17,ACC1,399,C,Rev,9845,8,91,0,0,A/C
FJ12-S_S17,ADP1,35,C,Fwd,17178,0,1,0,99,T
FJ12-S_S17,ADP1,41,C,Fwd,17178,0,0,0,100,T
FJ12-S_S17,ADP1,104,A,Fwd,17178,0,0,100,0,G
FJ12-S_S17,ADP1,120,A,Fwd,17177,49,0,51,0,A/G
FJ12-S_S17,ADP1,161,G,Fwd,17176,100,0,0,0,A
FJ12-S_S17,ADP1,200,G,Fwd,17176,99,0,0,0,A
FJ12-S_S17,ADP1,220,T,Fwd,17176,99,0,0,0,A
FJ12-S_S17,ADP1,227,C,Fwd,17176,0,0,0,100,T
FJ12-S_S17,MPI,109,A,Fwd,16293,48,0,52,0,A/G
FJ12-S_S17,SYA1,21,A,Fwd,15095,0,100,0,0,C
FJ12-S_S17,SYA1,57,G,Fwd,15095,49,0,51,0,A/G
FJ12-S_S17,SYA1,96,C,Fwd,15095,0,49,0,51,C/T
FJ12-S_S17,SYA1,138,A,Fwd,15095,49,0,51,0,A/G
FJ12-S_S17,SYA1,156,T,Fwd,15095,0,51,0,49,C/T
FJ12-S_S17,VPS13,60,C,Fwd,12363,49,51,0,0,A/C
FJ12-S_S17,VPS13,292,A,Rev,12388,51,0,49,0,A/G
FJ12-S_S17,VPS13,331,G,Rev,12388,49,0,51,0,A/G
FJ12-S_S17,VPS13,333,G,Rev,12388,0,0,0,100,T
FJ12-S_S17,VPS13,381,T,Rev,12388,49,0,0,51,A/T
FJ12-S_S17,VPS13,386,T,Rev,12388,7,93,0,0,A/C
FJ12-S_S17,ZWF1b,102,C,Fwd,14931,0,50,0,50,C/T
FJ12-S_S17,ZWF1b,189,C,Fwd,14930,50,50,0,0,A/C
FJ12-S_S17,ZWF1b,201,A,Fwd,14930,50,0,50,0,A/G
FJ12-S_S17,ZWF1b,264,C,Rev,14879,0,49,0,51,C/T
FJ12-S_S17,ZWF1b,306,C,Rev,14879,0,0,0,100,T
12-0424-S_S33,AAT1a,53,T,Fwd,2883,0,99,0,1,C
12-0424-S_S33,AAT1a,114,G,Fwd,2883,99,0,0,0,A
12-0424-S_S33,ACC1,81,G,Fwd,1917,21,0,79,0,A/G
12-0424-S_S33,ACC1,397,T,Rev,1900,1,0,9,90,G/T
12-0424-S_S33,ACC1,399,C,Rev,1900,7,93,0,0,A/C
12-0424-S_S33,MPI,48,A,Fwd,3978,47,0,53,0,A/G
12-0424-S_S33,MPI,55,G,Fwd,3978,53,0,47,0,A/G
12-0424-S_S33,MPI,57,T,Fwd,3978,0,53,0,47,C/T
12-0424-S_S33,MPI,87,T,Fwd,3978,0,0,53,47,G/T
12-0424-S_S33,MPI,93,A,Fwd,3978,47,0,0,53,A/T
12-0424-S_S33,MPI,109,A,Fwd,3978,47,0,53,0,A/G
12-0424-S_S33,MPI,255,C,Rev,3987,51,49,0,0,A/C
12-0424-S_S33,MPI,258,A,Rev,3987,49,0,51,0,A/G
12-0424-S_S33,MPI,297,G,Rev,3987,51,0,49,0,A/G
12-0424-S_S33,MPI,310,A,Rev,3987,49,0,51,0,A/G
12-0424-S_S33,SYA1,21,A,Fwd,3733,0,100,0,0,C
12-0424-S_S33,SYA1,96,C,Fwd,3733,0,0,0,100,T
12-0424-S_S33,SYA1,138,A,Fwd,3733,0,0,100,0,G
12-0424-S_S33,SYA1,156,T,Fwd,3733,0,100,0,0,C
12-0424-S_S33,SYA1,347,C,Rev,3698,0,0,0,100,T
12-0424-S_S33,VPS13,228,T,Fwd,2327,0,99,0,1,C
12-0424-S_S33,VPS13,292,A,Rev,2357,0,0,100,0,G
12-0424-S_S33,VPS13,333,G,Rev,2357,0,0,0,100,T
12-0424-S_S33,VPS13,381,T,Rev,2357,99,0,0,0,A
12-0424-S_S33,VPS13,386,T,Rev,2357,7,93,0,0,A/C
12-0424-S_S33,VPS13,410,C,Rev,2357,5,95,0,0,A/C
12-0424-S_S33,ZWF1b,264,C,Rev,3208,0,51,0,49,C/T
12-0424-S_S33,ZWF1b,306,C,Rev,3208,0,0,0,100,T
12-0049_S2,AAT1a,65,G,Fwd,18852,99,0,1,0,A
12-0049_S2,AAT1a,114,G,Fwd,18852,100,0,0,0,A
12-0049_S2,AAT1a,149,T,Fwd,18852,0,99,0,1,C
12-0049_S2,ACC1,279,C,Rev,12421,0,9,0,90,C/T
12-0049_S2,ACC1,397,T,Rev,12421,1,0,8,91,G/T
12-0049_S2,ACC1,399,C,Rev,12421,7,92,0,0,A/C
12-0049_S2,ADP1,35,C,Fwd,22545,0,52,0,47,C/T
12-0049_S2,ADP1,41,C,Fwd,22545,0,52,0,48,C/T
12-0049_S2,ADP1,104,A,Fwd,22545,52,0,48,0,A/G
12-0049_S2,ADP1,120,A,Fwd,22545,52,0,48,0,A/G
12-0049_S2,ADP1,161,G,Fwd,22544,48,0,52,0,A/G
12-0049_S2,ADP1,200,G,Fwd,22544,48,0,52,0,A/G
12-0049_S2,ADP1,220,T,Fwd,22544,48,0,0,52,A/T
12-0049_S2,ADP1,227,C,Fwd,22544,0,52,0,48,C/T
12-0049_S2,MPI,42,G,Fwd,24570,51,0,49,0,A/G
12-0049_S2,MPI,48,A,Fwd,24570,0,0,100,0,G
12-0049_S2,MPI,55,G,Fwd,24570,100,0,0,0,A
12-0049_S2,MPI,57,T,Fwd,24570,0,100,0,0,C
12-0049_S2,MPI,87,T,Fwd,24570,0,0,100,0,G
12-0049_S2,MPI,93,A,Fwd,24570,0,0,0,100,T
12-0049_S2,MPI,109,A,Fwd,24570,0,0,100,0,G
12-0049_S2,SYA1,21,A,Fwd,22113,49,51,0,0,A/C
12-0049_S2,VPS13,223,G,Fwd,15244,51,0,49,0,A/G
12-0049_S2,VPS13,252,A,Rev,15111,0,0,99,0,G
12-0049_S2,VPS13,292,A,Rev,15111,0,0,100,0,G
12-0049_S2,VPS13,293,G,Rev,15111,49,0,51,0,A/G
12-0049_S2,VPS13,333,G,Rev,15111,0,0,0,100,T
12-0049_S2,VPS13,345,G,Rev,15111,51,0,49,0,A/G
12-0049_S2,VPS13,381,T,Rev,15111,51,0,0,49,A/T
12-0049_S2,VPS13,386,T,Rev,15111,7,92,0,0,A/C
12-0049_S2,VPS13,410,C,Rev,15111,6,94,0,0,A/C
12-0049_S2,ZWF1b,264,C,Rev,19463,0,50,0,50,C/T
12-0049_S2,ZWF1b,306,C,Rev,19463,0,0,0,100,T
hp11vw-S_S20,AAT1a,32,A,Fwd,21080,50,0,49,0,A/G
hp11vw-S_S20,AAT1a,65,G,Fwd,21080,49,0,51,0,A/G
hp11vw-S_S20,AAT1a,114,G,Fwd,21080,50,0,50,0,A/G
hp11vw-S_S20,AAT1a,149,T,Fwd,21080,0,50,0,50,C/T
hp11vw-S_S20,ACC1,397,T,Rev,12062,0,0,13,87,G/T
hp11vw-S_S20,ACC1,399,C,Rev,12062,5,94,0,0,A/C
hp11vw-S_S20,MPI,48,A,Fwd,16881,47,0,53,0,A/G
hp11vw-S_S20,MPI,55,G,Fwd,16881,52,0,47,0,A/G
hp11vw-S_S20,MPI,57,T,Fwd,16881,0,53,0,47,C/T
hp11vw-S_S20,MPI,87,T,Fwd,16881,0,0,52,47,G/T
hp11vw-S_S20,MPI,93,A,Fwd,16881,47,0,0,52,A/T
hp11vw-S_S20,MPI,109,A,Fwd,16881,48,0,52,0,A/G
hp11vw-S_S20,VPS13,228,T,Fwd,15054,0,50,0,50,C/T
hp11vw-S_S20,VPS13,292,A,Rev,15036,50,0,50,0,A/G
hp11vw-S_S20,VPS13,333,G,Rev,15036,0,0,49,51,G/T
hp11vw-S_S20,VPS13,381,T,Rev,15036,50,0,0,49,A/T
hp11vw-S_S20,VPS13,386,T,Rev,15036,3,48,0,49,C/T
hp11vw-S_S20,VPS13,410,C,Rev,15036,6,94,0,0,A/C
hp11vw-S_S20,ZWF1b,264,C,Rev,15301,0,51,0,49,C/T
hp11vw-S_S20,ZWF1b,306,C,Rev,15301,0,50,0,49,C/T
13-0189_S4,AAT1a,65,G,Fwd,14234,100,0,0,0,A
13-0189_S4,AAT1a,114,G,Fwd,14234,100,0,0,0,A
13-0189_S4,AAT1a,149,T,Fwd,14234,0,100,0,0,C
13-0189_S4,ACC1,279,C,Rev,8975,0,19,0,81,C/T
13-0189_S4,ACC1,397,T,Rev,8975,0,0,7,93,G/T
13-0189_S4,ACC1,399,C,Rev,8975,5,95,0,0,A/C
13-0189_S4,ADP1,35,C,Fwd,15910,0,52,0,48,C/T
13-0189_S4,ADP1,41,C,Fwd,15910,0,52,0,48,C/T
13-0189_S4,ADP1,104,A,Fwd,15910,52,0,48,0,A/G
13-0189_S4,ADP1,120,A,Fwd,15910,0,0,100,0,G
13-0189_S4,ADP1,161,G,Fwd,15908,48,0,52,0,A/G
13-0189_S4,ADP1,200,G,Fwd,15908,48,0,52,0,A/G
13-0189_S4,ADP1,220,T,Fwd,15908,48,0,0,52,A/T
13-0189_S4,ADP1,227,C,Fwd,15908,0,52,0,48,C/T
13-0189_S4,MPI,48,A,Fwd,17049,0,0,100,0,G
13-0189_S4,MPI,55,G,Fwd,17049,100,0,0,0,A
13-0189_S4,MPI,57,T,Fwd,17049,0,100,0,0,C
13-0189_S4,MPI,87,T,Fwd,17049,0,0,100,0,G
13-0189_S4,MPI,93,A,Fwd,17049,0,0,0,100,T
13-0189_S4,MPI,109,A,Fwd,17049,0,0,100,0,G
13-0189_S4,MPI,255,C,Rev,17056,49,50,0,0,A/C
13-0189_S4,MPI,258,A,Rev,17056,51,0,49,0,A/G
13-0189_S4,MPI,297,G,Rev,17056,50,0,50,0,A/G
13-0189_S4,MPI,310,A,Rev,17056,50,0,50,0,A/G
13-0189_S4,SYA1,21,A,Fwd,16224,49,51,0,0,A/C
13-0189_S4,SYA1,57,G,Fwd,16224,51,0,49,0,A/G
13-0189_S4,SYA1,96,C,Fwd,16224,0,49,0,51,C/T
13-0189_S4,SYA1,138,A,Fwd,16224,48,0,52,0,A/G
13-0189_S4,SYA1,156,T,Fwd,16224,0,51,0,48,C/T
13-0189_S4,SYA1,347,C,Rev,16088,0,48,0,52,C/T
13-0189_S4,VPS13,60,C,Fwd,11360,50,50,0,0,A/C
13-0189_S4,VPS13,252,A,Rev,11361,50,0,50,0,A/G
13-0189_S4,VPS13,292,A,Rev,11361,0,0,100,0,G
13-0189_S4,VPS13,293,G,Rev,11361,50,0,50,0,A/G
13-0189_S4,VPS13,331,G,Rev,11361,49,0,50,0,A/G
13-0189_S4,VPS13,333,G,Rev,11361,0,0,0,100,T
13-0189_S4,VPS13,381,T,Rev,11361,49,0,0,51,A/T
13-0189_S4,VPS13,386,T,Rev,11361,6,93,0,0,A/C
13-0189_S4,VPS13,410,C,Rev,11361,6,94,0,0,A/C
13-0189_S4,ZWF1b,264,C,Rev,14115,0,50,0,50,C/T
13-0189_S4,ZWF1b,306,C,Rev,14115,0,0,0,100,T
12-0017_S9,AAT1a,65,G,Fwd,16922,100,0,0,0,A
12-0017_S9,AAT1a,114,G,Fwd,16922,99,0,0,0,A
12-0017_S9,AAT1a,149,T,Fwd,16922,0,100,0,0,C
12-0017_S9,ACC1,279,C,Rev,11465,0,19,0,81,C/T
12-0017_S9,ACC1,397,T,Rev,11465,1,0,8,92,G/T
12-0017_S9,ACC1,399,C,Rev,11465,6,94,0,0,A/C
12-0017_S9,ADP1,35,C,Fwd,18837,0,52,0,48,C/T
12-0017_S9,ADP1,41,C,Fwd,18837,0,52,0,48,C/T
12-0017_S9,ADP1,104,A,Fwd,18837,51,0,48,0,A/G
12-0017_S9,ADP1,120,A,Fwd,18835,0,0,100,0,G
12-0017_S9,ADP1,161,G,Fwd,18837,48,0,52,0,A/G
12-0017_S9,ADP1,200,G,Fwd,18837,48,0,52,0,A/G
12-0017_S9,ADP1,220,T,Fwd,18837,48,0,0,52,A/T
12-0017_S9,ADP1,227,C,Fwd,18837,0,52,0,48,C/T
12-0017_S9,MPI,48,A,Fwd,19115,0,0,100,0,G
12-0017_S9,MPI,55,G,Fwd,19115,100,0,0,0,A
12-0017_S9,MPI,57,T,Fwd,19115,0,100,0,0,C
12-0017_S9,MPI,87,T,Fwd,19114,0,0,100,0,G
12-0017_S9,MPI,93,A,Fwd,19115,0,0,0,100,T
12-0017_S9,MPI,109,A,Fwd,19115,0,0,100,0,G
12-0017_S9,MPI,255,C,Rev,19099,51,49,0,0,A/C
12-0017_S9,MPI,258,A,Rev,19099,49,0,50,0,A/G
12-0017_S9,MPI,297,G,Rev,19099,51,0,49,0,A/G
12-0017_S9,MPI,310,A,Rev,19099,50,0,50,0,A/G
12-0017_S9,SYA1,21,A,Fwd,19579,49,51,0,0,A/C
12-0017_S9,SYA1,57,G,Fwd,19579,51,0,49,0,A/G
12-0017_S9,SYA1,96,C,Fwd,19579,0,49,0,51,C/T
12-0017_S9,SYA1,138,A,Fwd,19579,49,0,51,0,A/G
12-0017_S9,SYA1,156,T,Fwd,19579,0,51,0,49,C/T
12-0017_S9,SYA1,347,C,Rev,19418,0,49,0,51,C/T
12-0017_S9,VPS13,60,C,Fwd,13253,50,50,0,0,A/C
12-0017_S9,VPS13,252,A,Rev,13265,50,0,50,0,A/G
12-0017_S9,VPS13,292,A,Rev,13265,0,0,100,0,G
12-0017_S9,VPS13,293,G,Rev,13265,50,0,50,0,A/G
12-0017_S9,VPS13,331,G,Rev,13265,50,0,50,0,A/G
12-0017_S9,VPS13,333,G,Rev,13265,0,0,0,100,T
12-0017_S9,VPS13,381,T,Rev,13265,50,0,0,50,A/T
12-0017_S9,VPS13,386,T,Rev,13265,7,93,0,0,A/C
12-0017_S9,VPS13,410,C,Rev,13265,6,94,0,0,A/C
12-0017_S9,ZWF1b,264,C,Rev,16278,0,50,0,49,C/T
12-0017_S9,ZWF1b,306,C,Rev,16278,0,0,0,100,T
P1-80-20_S36,AAT1a,32,A,Fwd,3632,87,0,13,0,A/G
P1-80-20_S36,AAT1a,53,T,Fwd,3632,0,37,0,63,C/T
P1-80-20_S36,AAT1a,65,G,Fwd,3632,48,0,52,0,A/G
P1-80-20_S36,AAT1a,114,G,Fwd,3632,85,0,15,0,A/G
P1-80-20_S36,AAT1a,149,T,Fwd,3632,0,48,0,52,C/T
P1-80-20_S36,ACC1,209,A,Fwd,2315,87,13,0,0,A/C
P1-80-20_S36,ACC1,279,C,Rev,2277,0,28,0,72,C/T
P1-80-20_S36,ACC1,315,C,Rev,2276,0,87,0,13,C/T
P1-80-20_S36,ACC1,397,T,Rev,2277,0,0,8,92,G/T
P1-80-20_S36,ACC1,399,C,Rev,2277,9,91,0,0,A/C
P1-80-20_S36,ADP1,30,A,Fwd,3662,86,0,14,0,A/G
P1-80-20_S36,MPI,48,A,Fwd,3390,13,0,87,0,A/G
P1-80-20_S36,MPI,55,G,Fwd,3390,87,0,13,0,A/G
P1-80-20_S36,MPI,57,T,Fwd,3390,0,87,0,13,C/T
P1-80-20_S36,MPI,87,T,Fwd,3390,0,0,87,13,G/T
P1-80-20_S36,MPI,93,A,Fwd,3390,13,0,0,87,A/T
P1-80-20_S36,MPI,109,A,Fwd,3390,13,0,87,0,A/G
P1-80-20_S36,SYA1,21,A,Fwd,3418,63,37,0,0,A/C
P1-80-20_S36,SYA1,57,G,Fwd,3418,73,0,27,0,A/G
P1-80-20_S36,SYA1,96,C,Fwd,3418,0,27,0,73,C/T
P1-80-20_S36,SYA1,138,A,Fwd,3418,26,0,74,0,A/G
P1-80-20_S36,SYA1,156,T,Fwd,3418,0,73,0,26,C/T
P1-80-20_S36,SYA1,303,C,Rev,3403,36,64,0,0,A/C
P1-80-20_S36,SYA1,347,C,Rev,3403,0,61,0,39,C/T
P1-80-20_S36,SYA1,348,C,Rev,3403,0,62,0,38,C/T
P1-80-20_S36,VPS13,228,T,Fwd,2522,0,14,0,86,C/T
P1-80-20_S36,VPS13,292,A,Rev,2512,86,0,14,0,A/G
P1-80-20_S36,VPS13,333,G,Rev,2512,0,0,13,87,G/T
P1-80-20_S36,VPS13,337,G,Rev,2512,72,0,28,0,A/G
P1-80-20_S36,VPS13,381,T,Rev,2512,14,0,0,86,A/T
P1-80-20_S36,VPS13,386,T,Rev,2512,5,81,0,14,A/C/T
P1-80-20_S36,ZWF1b,264,C,Rev,3123,0,12,0,87,C/T
P1-80-20_S36,ZWF1b,306,C,Rev,3123,0,12,0,88,C/T
P1-50-50_S35,AAT1a,32,A,Fwd,3519,72,0,28,0,A/G
P1-50-50_S35,AAT1a,53,T,Fwd,3518,0,22,0,78,C/T
P1-50-50_S35,AAT1a,65,G,Fwd,3519,49,0,51,0,A/G
P1-50-50_S35,AAT1a,114,G,Fwd,3519,71,0,28,0,A/G
P1-50-50_S35,AAT1a,149,T,Fwd,3519,0,49,0,51,C/T
P1-50-50_S35,ACC1,209,A,Fwd,2331,73,27,0,0,A/C
P1-50-50_S35,ACC1,279,C,Rev,2301,0,54,0,45,C/T
P1-50-50_S35,ACC1,315,C,Rev,2295,0,73,0,27,C/T
P1-50-50_S35,ACC1,397,T,Rev,2301,0,0,7,93,G/T
P1-50-50_S35,ACC1,399,C,Rev,2301,6,94,0,0,A/C
P1-50-50_S35,ADP1,30,A,Fwd,3686,70,0,29,0,A/G
P1-50-50_S35,MPI,48,A,Fwd,3908,27,0,73,0,A/G
P1-50-50_S35,MPI,55,G,Fwd,3908,72,0,27,0,A/G
P1-50-50_S35,MPI,57,T,Fwd,3908,0,73,0,27,C/T
P1-50-50_S35,MPI,87,T,Fwd,3908,0,0,73,27,G/T
P1-50-50_S35,MPI,93,A,Fwd,3908,27,0,0,73,A/T
P1-50-50_S35,MPI,109,A,Fwd,3908,27,0,73,0,A/G
P1-50-50_S35,SYA1,21,A,Fwd,3810,76,24,0,0,A/C
P1-50-50_S35,SYA1,57,G,Fwd,3810,46,0,54,0,A/G
P1-50-50_S35,SYA1,96,C,Fwd,3810,0,53,0,47,C/T
P1-50-50_S35,SYA1,138,A,Fwd,3810,53,0,47,0,A/G
P1-50-50_S35,SYA1,156,T,Fwd,3810,0,47,0,53,C/T
P1-50-50_S35,SYA1,303,C,Rev,3788,23,77,0,0,A/C
P1-50-50_S35,SYA1,347,C,Rev,3788,0,76,0,24,C/T
P1-50-50_S35,SYA1,348,C,Rev,3788,0,76,0,24,C/T
P1-50-50_S35,VPS13,228,T,Fwd,2500,0,26,0,74,C/T
P1-50-50_S35,VPS13,292,A,Rev,2513,74,0,26,0,A/G
P1-50-50_S35,VPS13,333,G,Rev,2513,0,0,28,72,G/T
P1-50-50_S35,VPS13,337,G,Rev,2513,46,0,54,0,A/G
P1-50-50_S35,VPS13,381,T,Rev,2513,26,0,0,74,A/T
P1-50-50_S35,VPS13,386,T,Rev,2513,4,67,0,28,C/T
P1-50-50_S35,ZWF1b,264,C,Rev,3392,0,27,0,73,C/T
P1-50-50_S35,ZWF1b,306,C,Rev,3392,0,27,0,73,C/T
14-MB2484_S12,AAT1a,65,G,Fwd,18818,84,0,16,0,A/G
14-MB2484_S12,AAT1a,95,T,Fwd,18818,0,84,0,16,C/T
14-MB2484_S12,AAT1a,114,G,Fwd,18818,100,0,0,0,A
14-MB2484_S12,AAT1a,149,T,Fwd,18818,0,84,0,16,C/T
14-MB2484_S12,AAT1a,350,C,Rev,18626,0,92,0,7,C/T
14-MB2484_S12,ACC1,279,C,Rev,10260,0,11,0,89,C/T
14-MB2484_S12,ACC1,397,T,Rev,10260,0,0,8,92,G/T
14-MB2484_S12,ACC1,399,C,Rev,10260,8,91,0,0,A/C
14-MB2484_S12,ADP1,35,C,Fwd,17925,0,51,0,49,C/T
14-MB2484_S12,ADP1,41,C,Fwd,17925,0,50,0,49,C/T
14-MB2484_S12,ADP1,104,A,Fwd,17925,50,0,50,0,A/G
14-MB2484_S12,ADP1,120,A,Fwd,17925,0,0,100,0,G
14-MB2484_S12,ADP1,161,G,Fwd,17925,100,0,0,0,A
14-MB2484_S12,ADP1,200,G,Fwd,17925,99,0,0,0,A
14-MB2484_S12,ADP1,220,T,Fwd,17925,99,0,0,0,A
14-MB2484_S12,ADP1,227,C,Fwd,17925,0,0,0,100,T
14-MB2484_S12,ADP1,277,G,Rev,17851,1,31,68,0,C/G
14-MB2484_S12,MPI,48,A,Fwd,18123,0,0,100,0,G
14-MB2484_S12,MPI,55,G,Fwd,18123,100,0,0,0,A
14-MB2484_S12,MPI,57,T,Fwd,18123,0,100,0,0,C
14-MB2484_S12,MPI,87,T,Fwd,18123,0,0,100,0,G
14-MB2484_S12,MPI,93,A,Fwd,18123,0,0,0,100,T
14-MB2484_S12,MPI,109,A,Fwd,18123,0,0,100,0,G
14-MB2484_S12,MPI,255,C,Rev,18121,16,84,0,0,A/C
14-MB2484_S12,MPI,258,A,Rev,18121,84,0,16,0,A/G
14-MB2484_S12,MPI,259,G,Rev,18121,0,16,84,0,C/G
14-MB2484_S12,SYA1,21,A,Fwd,16660,48,52,0,0,A/C
14-MB2484_S12,SYA1,57,G,Fwd,16660,92,0,8,0,A/G
14-MB2484_S12,SYA1,96,C,Fwd,16660,0,48,0,52,C/T
14-MB2484_S12,SYA1,138,A,Fwd,16660,48,0,52,0,A/G
14-MB2484_S12,SYA1,156,T,Fwd,16660,0,59,0,41,C/T
14-MB2484_S12,SYA1,181,G,Fwd,16660,0,0,92,7,G/T
14-MB2484_S12,SYA1,347,C,Rev,16528,0,48,0,52,C/T
14-MB2484_S12,VPS13,60,C,Fwd,13091,8,92,0,0,A/C
14-MB2484_S12,VPS13,222,G,Fwd,13091,8,0,92,0,A/G
14-MB2484_S12,VPS13,252,A,Rev,13079,58,0,42,0,A/G
14-MB2484_S12,VPS13,292,A,Rev,13079,43,0,57,0,A/G
14-MB2484_S12,VPS13,331,G,Rev,13079,8,0,92,0,A/G
14-MB2484_S12,VPS13,333,G,Rev,13079,0,0,0,100,T
14-MB2484_S12,VPS13,337,G,Rev,13079,42,0,58,0,A/G
14-MB2484_S12,VPS13,381,T,Rev,13079,16,0,0,84,A/T
14-MB2484_S12,VPS13,386,T,Rev,13079,7,93,0,0,A/C
14-MB2484_S12,VPS13,410,C,Rev,13079,5,95,0,0,A/C
14-MB2484_S12,ZWF1b,201,A,Fwd,14536,84,0,16,0,A/G
14-MB2484_S12,ZWF1b,306,C,Rev,14460,0,0,0,100,T
N2B_S47,AAT1a,32,A,Fwd,17227,73,0,27,0,A/G
N2B_S47,AAT1a,53,T,Fwd,17227,0,23,0,77,C/T
N2B_S47,AAT1a,65,G,Fwd,17227,48,0,52,0,A/G
N2B_S47,AAT1a,114,G,Fwd,17227,71,0,29,0,A/G
N2B_S47,AAT1a,149,T,Fwd,17227,0,48,0,52,C/T
N2B_S47,ACC1,209,A,Fwd,10496,73,26,0,0,A/C
N2B_S47,ACC1,279,C,Rev,10345,0,54,0,46,C/T
N2B_S47,ACC1,315,C,Rev,10329,0,74,0,26,C/T
N2B_S47,ACC1,397,T,Rev,10345,0,0,8,92,G/T
N2B_S47,ACC1,399,C,Rev,10345,6,94,0,0,A/C
N2B_S47,ADP1,30,A,Fwd,18335,72,0,28,0,A/G
N2B_S47,MPI,48,A,Fwd,19832,26,0,74,0,A/G
N2B_S47,MPI,55,G,Fwd,19832,73,0,26,0,A/G
N2B_S47,MPI,57,T,Fwd,19832,0,74,0,26,C/T
N2B_S47,MPI,87,T,Fwd,19832,0,0,74,26,G/T
N2B_S47,MPI,93,A,Fwd,19832,26,0,0,74,A/T
N2B_S47,MPI,109,A,Fwd,19832,26,0,74,0,A/G
N2B_S47,SYA1,21,A,Fwd,18061,75,25,0,0,A/C
N2B_S47,SYA1,57,G,Fwd,18061,48,0,52,0,A/G
N2B_S47,SYA1,96,C,Fwd,18061,0,52,0,48,C/T
N2B_S47,SYA1,138,A,Fwd,18061,52,0,48,0,A/G
N2B_S47,SYA1,156,T,Fwd,18061,0,48,0,52,C/T
N2B_S47,SYA1,303,C,Rev,17925,23,77,0,0,A/C
N2B_S47,SYA1,347,C,Rev,17925,0,75,0,25,C/T
N2B_S47,SYA1,348,C,Rev,17925,0,75,0,25,C/T
N2B_S47,VPS13,228,T,Fwd,13168,0,28,0,72,C/T
N2B_S47,VPS13,292,A,Rev,13197,72,0,28,0,A/G
N2B_S47,VPS13,333,G,Rev,13197,0,0,27,73,G/T
N2B_S47,VPS13,337,G,Rev,13197,45,0,55,0,A/G
N2B_S47,VPS13,381,T,Rev,13197,28,0,0,72,A/T
N2B_S47,VPS13,386,T,Rev,13197,4,68,0,27,C/T
N2B_S47,VPS13,410,C,Rev,13197,5,95,0,0,A/C
N2B_S47,ZWF1b,264,C,Rev,17399,0,28,0,72,C/T
N2B_S47,ZWF1b,306,C,Rev,17399,0,27,0,73,C/T
13-0188-S_S23,AAT1a,65,G,Fwd,17222,100,0,0,0,A
13-0188-S_S23,AAT1a,114,G,Fwd,17222,100,0,0,0,A
13-0188-S_S23,AAT1a,149,T,Fwd,17222,0,100,0,0,C
13-0188-S_S23,ACC1,279,C,Rev,10296,0,29,0,71,C/T
13-0188-S_S23,ACC1,397,T,Rev,10296,0,0,8,92,G/T
13-0188-S_S23,ACC1,399,C,Rev,10296,6,94,0,0,A/C
13-0188-S_S23,ADP1,35,C,Fwd,21133,0,51,0,48,C/T
13-0188-S_S23,ADP1,41,C,Fwd,21133,0,51,0,49,C/T
13-0188-S_S23,ADP1,104,A,Fwd,21133,51,0,49,0,A/G
13-0188-S_S23,ADP1,120,A,Fwd,21133,0,0,100,0,G
13-0188-S_S23,ADP1,161,G,Fwd,21131,48,0,52,0,A/G
13-0188-S_S23,ADP1,200,G,Fwd,21131,48,0,52,0,A/G
13-0188-S_S23,ADP1,220,T,Fwd,21131,48,0,0,52,A/T
13-0188-S_S23,ADP1,227,C,Fwd,21131,0,52,0,48,C/T
13-0188-S_S23,MPI,48,A,Fwd,20768,0,0,100,0,G
13-0188-S_S23,MPI,55,G,Fwd,20768,100,0,0,0,A
13-0188-S_S23,MPI,57,T,Fwd,20768,0,100,0,0,C
13-0188-S_S23,MPI,87,T,Fwd,20768,0,0,100,0,G
13-0188-S_S23,MPI,93,A,Fwd,20768,0,0,0,100,T
13-0188-S_S23,MPI,109,A,Fwd,20768,0,0,100,0,G
13-0188-S_S23,MPI,255,C,Rev,20761,51,48,0,0,A/C
13-0188-S_S23,MPI,258,A,Rev,20761,48,0,51,0,A/G
13-0188-S_S23,MPI,297,G,Rev,20761,52,0,48,0,A/G
13-0188-S_S23,MPI,310,A,Rev,20761,48,0,52,0,A/G
13-0188-S_S23,SYA1,21,A,Fwd,19741,49,51,0,0,A/C
13-0188-S_S23,SYA1,57,G,Fwd,19741,51,0,49,0,A/G
13-0188-S_S23,SYA1,96,C,Fwd,19741,0,49,0,51,C/T
13-0188-S_S23,SYA1,138,A,Fwd,19741,48,0,52,0,A/G
13-0188-S_S23,SYA1,156,T,Fwd,19741,0,52,0,48,C/T
13-0188-S_S23,SYA1,347,C,Rev,19630,0,48,0,52,C/T
13-0188-S_S23,VPS13,60,C,Fwd,14723,51,49,0,0,A/C
13-0188-S_S23,VPS13,252,A,Rev,14733,49,0,51,0,A/G
13-0188-S_S23,VPS13,292,A,Rev,14733,0,0,100,0,G
13-0188-S_S23,VPS13,293,G,Rev,14733,51,0,49,0,A/G
13-0188-S_S23,VPS13,331,G,Rev,14733,49,0,51,0,A/G
13-0188-S_S23,VPS13,333,G,Rev,14733,0,0,0,100,T
13-0188-S_S23,VPS13,381,T,Rev,14733,49,0,0,51,A/T
13-0188-S_S23,VPS13,386,T,Rev,14733,7,93,0,0,A/C
13-0188-S_S23,ZWF1b,264,C,Rev,16493,0,50,0,50,C/T
13-0188-S_S23,ZWF1b,306,C,Rev,16493,0,0,0,100,T
12-0049-S_S22,AAT1a,65,G,Fwd,22090,96,0,4,0,A
12-0049-S_S22,AAT1a,114,G,Fwd,22090,99,0,0,0,A
12-0049-S_S22,AAT1a,149,T,Fwd,22090,0,96,0,4,C
12-0049-S_S22,ACC1,279,C,Rev,16653,0,32,0,68,C/T
12-0049-S_S22,ACC1,397,T,Rev,16653,0,0,16,83,G/T
12-0049-S_S22,ACC1,399,C,Rev,16653,6,93,0,0,A/C
12-0049-S_S22,ADP1,35,C,Fwd,28631,0,52,0,48,C/T
12-0049-S_S22,ADP1,41,C,Fwd,28631,0,52,0,48,C/T
12-0049-S_S22,ADP1,104,A,Fwd,28631,52,0,48,0,A/G
12-0049-S_S22,ADP1,120,A,Fwd,28631,52,0,48,0,A/G
12-0049-S_S22,ADP1,161,G,Fwd,28627,48,0,52,0,A/G
12-0049-S_S22,ADP1,200,G,Fwd,28626,48,0,52,0,A/G
12-0049-S_S22,ADP1,220,T,Fwd,28627,48,0,0,52,A/T
12-0049-S_S22,ADP1,227,C,Fwd,28627,0,51,0,48,C/T
12-0049-S_S22,MPI,42,G,Fwd,29819,50,0,50,0,A/G
12-0049-S_S22,MPI,48,A,Fwd,29819,0,0,100,0,G
12-0049-S_S22,MPI,55,G,Fwd,29819,99,0,1,0,A
12-0049-S_S22,MPI,57,T,Fwd,29819,0,100,0,0,C
12-0049-S_S22,MPI,87,T,Fwd,29819,0,0,100,0,G
12-0049-S_S22,MPI,93,A,Fwd,29819,0,0,0,100,T
12-0049-S_S22,MPI,109,A,Fwd,29819,0,0,100,0,G
12-0049-S_S22,SYA1,21,A,Fwd,27441,51,49,0,0,A/C
12-0049-S_S22,VPS13,223,G,Fwd,19625,51,0,48,0,A/G
12-0049-S_S22,VPS13,252,A,Rev,19633,1,0,99,0,G
12-0049-S_S22,VPS13,292,A,Rev,19633,0,0,100,0,G
12-0049-S_S22,VPS13,293,G,Rev,19633,48,0,52,0,A/G
12-0049-S_S22,VPS13,333,G,Rev,19633,0,0,0,100,T
12-0049-S_S22,VPS13,345,G,Rev,19633,51,0,49,0,A/G
12-0049-S_S22,VPS13,381,T,Rev,19633,51,0,0,49,A/T
12-0049-S_S22,VPS13,386,T,Rev,19633,7,92,0,0,A/C
12-0049-S_S22,VPS13,410,C,Rev,19633,7,93,0,0,A/C
12-0049-S_S22,ZWF1b,264,C,Rev,24213,0,49,0,50,C/T
12-0049-S_S22,ZWF1b,306,C,Rev,24213,0,0,0,100,T
N1B_S43,AAT1a,32,A,Fwd,17802,49,0,51,0,A/G
N1B_S43,AAT1a,65,G,Fwd,17802,100,0,0,0,A
N1B_S43,AAT1a,114,G,Fwd,17802,100,0,0,0,A
N1B_S43,AAT1a,149,T,Fwd,17802,0,100,0,0,C
N1B_S43,ACC1,397,T,Rev,9951,1,0,9,90,G/T
N1B_S43,ACC1,399,C,Rev,9951,8,91,0,0,A/C
N1B_S43,ADP1,35,C,Fwd,19564,0,50,0,50,C/T
N1B_S43,ADP1,41,C,Fwd,19564,0,50,0,50,C/T
N1B_S43,ADP1,104,A,Fwd,19564,50,0,50,0,A/G
N1B_S43,ADP1,120,A,Fwd,19563,51,0,49,0,A/G
N1B_S43,ADP1,161,G,Fwd,19562,49,0,51,0,A/G
N1B_S43,ADP1,200,G,Fwd,19562,49,0,51,0,A/G
N1B_S43,ADP1,220,T,Fwd,19562,49,0,0,51,A/T
N1B_S43,ADP1,227,C,Fwd,19562,0,51,0,49,C/T
N1B_S43,MPI,48,A,Fwd,15586,48,0,52,0,A/G
N1B_S43,MPI,55,G,Fwd,15586,52,0,48,0,A/G
N1B_S43,MPI,57,T,Fwd,15586,0,52,0,48,C/T
N1B_S43,MPI,87,T,Fwd,15586,0,0,52,48,G/T
N1B_S43,MPI,93,A,Fwd,15586,48,0,0,52,A/T
N1B_S43,MPI,109,A,Fwd,15586,49,0,51,0,A/G
N1B_S43,SYA1,21,A,Fwd,15967,47,53,0,0,A/C
N1B_S43,SYA1,57,G,Fwd,15967,47,0,53,0,A/G
N1B_S43,SYA1,96,C,Fwd,15967,0,0,0,100,T
N1B_S43,SYA1,138,A,Fwd,15967,0,0,100,0,G
N1B_S43,SYA1,156,T,Fwd,15967,0,100,0,0,C
N1B_S43,SYA1,303,C,Rev,15856,48,52,0,0,A/C
N1B_S43,VPS13,60,C,Fwd,12907,50,50,0,0,A/C
N1B_S43,VPS13,292,A,Rev,12915,49,0,51,0,A/G
N1B_S43,VPS13,331,G,Rev,12915,51,0,49,0,A/G
N1B_S43,VPS13,333,G,Rev,12915,0,0,49,51,G/T
N1B_S43,VPS13,381,T,Rev,12915,51,0,0,49,A/T
N1B_S43,VPS13,386,T,Rev,12915,4,47,0,49,C/T
N1B_S43,VPS13,410,C,Rev,12915,6,94,0,0,A/C
N1B_S43,ZWF1b,264,C,Rev,15022,0,0,0,100,T
N1B_S43,ZWF1b,306,C,Rev,15022,0,0,0,100,T
12-0016-S_S28,AAT1a,32,A,Fwd,19734,2,0,98,0,G
12-0016-S_S28,AAT1a,65,G,Fwd,19734,98,0,2,0,A
12-0016-S_S28,AAT1a,114,G,Fwd,19734,100,0,0,0,A
12-0016-S_S28,AAT1a,149,T,Fwd,19734,0,98,0,2,C
12-0016-S_S28,ACC1,27,T,Fwd,11587,50,0,0,50,A/T
12-0016-S_S28,ACC1,397,T,Rev,11366,0,0,7,92,G/T
12-0016-S_S28,ACC1,399,C,Rev,11366,6,94,0,0,A/C
12-0016-S_S28,ADP1,35,C,Fwd,23104,0,52,0,48,C/T
12-0016-S_S28,ADP1,41,C,Fwd,23104,0,52,0,48,C/T
12-0016-S_S28,ADP1,104,A,Fwd,23104,51,0,48,0,A/G
12-0016-S_S28,ADP1,120,A,Fwd,23104,52,0,48,0,A/G
12-0016-S_S28,ADP1,161,G,Fwd,23100,48,0,52,0,A/G
12-0016-S_S28,ADP1,200,G,Fwd,23100,48,0,52,0,A/G
12-0016-S_S28,ADP1,220,T,Fwd,23099,48,0,0,52,A/T
12-0016-S_S28,ADP1,227,C,Fwd,23099,0,52,0,48,C/T
12-0016-S_S28,MPI,42,G,Fwd,21382,50,0,50,0,A/G
12-0016-S_S28,MPI,48,A,Fwd,21382,0,0,100,0,G
12-0016-S_S28,MPI,55,G,Fwd,21382,100,0,0,0,A
12-0016-S_S28,MPI,57,T,Fwd,21382,0,100,0,0,C
12-0016-S_S28,MPI,87,T,Fwd,21382,0,0,100,0,G
12-0016-S_S28,MPI,93,A,Fwd,21382,0,0,0,100,T
12-0016-S_S28,MPI,109,A,Fwd,21382,0,0,100,0,G
12-0016-S_S28,SYA1,21,A,Fwd,20686,0,100,0,0,C
12-0016-S_S28,SYA1,57,G,Fwd,20686,49,0,50,0,A/G
12-0016-S_S28,SYA1,96,C,Fwd,20686,0,0,0,100,T
12-0016-S_S28,SYA1,138,A,Fwd,20686,0,0,100,0,G
12-0016-S_S28,SYA1,156,T,Fwd,20686,0,100,0,0,C
12-0016-S_S28,SYA1,347,C,Rev,20558,0,0,0,100,T
12-0016-S_S28,VPS13,228,T,Fwd,15860,0,50,0,50,C/T
12-0016-S_S28,VPS13,252,A,Rev,15829,50,0,50,0,A/G
12-0016-S_S28,VPS13,292,A,Rev,15829,0,0,100,0,G
12-0016-S_S28,VPS13,333,G,Rev,15829,0,0,0,100,T
12-0016-S_S28,VPS13,381,T,Rev,15829,50,0,0,50,A/T
12-0016-S_S28,VPS13,386,T,Rev,15829,6,93,0,0,A/C
12-0016-S_S28,VPS13,410,C,Rev,15829,6,94,0,0,A/C
12-0016-S_S28,ZWF1b,306,C,Rev,18297,0,50,0,50,C/T
13-0190-S_S25,AAT1a,65,G,Fwd,22356,100,0,0,0,A
13-0190-S_S25,AAT1a,114,G,Fwd,22356,100,0,0,0,A
13-0190-S_S25,AAT1a,149,T,Fwd,22356,0,100,0,0,C
13-0190-S_S25,ACC1,279,C,Rev,12830,0,31,0,69,C/T
13-0190-S_S25,ACC1,397,T,Rev,12830,0,0,13,87,G/T
13-0190-S_S25,ACC1,399,C,Rev,12830,6,94,0,0,A/C
13-0190-S_S25,ADP1,35,C,Fwd,24874,0,52,0,48,C/T
13-0190-S_S25,ADP1,41,C,Fwd,24874,0,51,0,49,C/T
13-0190-S_S25,ADP1,104,A,Fwd,24874,51,0,48,0,A/G
13-0190-S_S25,ADP1,120,A,Fwd,24872,0,0,100,0,G
13-0190-S_S25,ADP1,161,G,Fwd,24872,49,0,51,0,A/G
13-0190-S_S25,ADP1,200,G,Fwd,24872,49,0,51,0,A/G
13-0190-S_S25,ADP1,220,T,Fwd,24872,48,0,0,51,A/T
13-0190-S_S25,ADP1,227,C,Fwd,24871,0,51,0,49,C/T
13-0190-S_S25,MPI,48,A,Fwd,24190,0,0,100,0,G
13-0190-S_S25,MPI,55,G,Fwd,24190,100,0,0,0,A
13-0190-S_S25,MPI,57,T,Fwd,24190,0,100,0,0,C
13-0190-S_S25,MPI,87,T,Fwd,24190,0,0,100,0,G
13-0190-S_S25,MPI,93,A,Fwd,24190,0,0,0,100,T
13-0190-S_S25,MPI,109,A,Fwd,24190,0,0,100,0,G
13-0190-S_S25,MPI,255,C,Rev,24182,50,50,0,0,A/C
13-0190-S_S25,MPI,258,A,Rev,24182,50,0,50,0,A/G
13-0190-S_S25,MPI,297,G,Rev,24182,51,0,49,0,A/G
13-0190-S_S25,MPI,310,A,Rev,24182,49,0,51,0,A/G
13-0190-S_S25,SYA1,21,A,Fwd,24738,50,50,0,0,A/C
13-0190-S_S25,SYA1,57,G,Fwd,24738,50,0,49,0,A/G
13-0190-S_S25,SYA1,96,C,Fwd,24738,0,49,0,51,C/T
13-0190-S_S25,SYA1,138,A,Fwd,24738,49,0,51,0,A/G
13-0190-S_S25,SYA1,156,T,Fwd,24738,0,51,0,49,C/T
13-0190-S_S25,SYA1,347,C,Rev,24560,0,48,0,52,C/T
13-0190-S_S25,VPS13,60,C,Fwd,17159,50,50,0,0,A/C
13-0190-S_S25,VPS13,252,A,Rev,17207,50,0,50,0,A/G
13-0190-S_S25,VPS13,292,A,Rev,17207,0,0,100,0,G
13-0190-S_S25,VPS13,293,G,Rev,17207,50,0,50,0,A/G
13-0190-S_S25,VPS13,331,G,Rev,17207,50,0,50,0,A/G
13-0190-S_S25,VPS13,333,G,Rev,17207,0,0,0,100,T
13-0190-S_S25,VPS13,381,T,Rev,17207,49,0,0,50,A/T
13-0190-S_S25,VPS13,386,T,Rev,17207,7,93,0,0,A/C
13-0190-S_S25,VPS13,410,C,Rev,17207,7,93,0,0,A/C
13-0190-S_S25,ZWF1b,264,C,Rev,21151,0,50,0,50,C/T
13-0190-S_S25,ZWF1b,306,C,Rev,21151,0,0,0,100,T
13-0099-S_S27,AAT1a,53,T,Fwd,9878,1,98,0,1,C
13-0099-S_S27,AAT1a,114,G,Fwd,9878,99,0,0,0,A
13-0099-S_S27,ACC1,81,G,Fwd,7150,31,0,69,0,A/G
13-0099-S_S27,ACC1,276,A,Rev,6958,89,1,7,3,A/G
13-0099-S_S27,ACC1,397,T,Rev,6958,0,0,10,90,G/T
13-0099-S_S27,ACC1,399,C,Rev,6958,9,91,0,0,A/C
13-0099-S_S27,MPI,48,A,Fwd,10204,47,0,53,0,A/G
13-0099-S_S27,MPI,55,G,Fwd,10204,52,0,47,0,A/G
13-0099-S_S27,MPI,57,T,Fwd,10204,0,52,0,47,C/T
13-0099-S_S27,MPI,87,T,Fwd,10204,0,0,52,47,G/T
13-0099-S_S27,MPI,93,A,Fwd,10204,47,0,0,52,A/T
13-0099-S_S27,MPI,109,A,Fwd,10204,48,0,52,0,A/G
13-0099-S_S27,MPI,255,C,Rev,10075,50,50,0,0,A/C
13-0099-S_S27,MPI,258,A,Rev,10075,50,0,50,0,A/G
13-0099-S_S27,MPI,297,G,Rev,10075,51,0,49,0,A/G
13-0099-S_S27,MPI,310,A,Rev,10075,49,0,50,0,A/G
13-0099-S_S27,SYA1,21,A,Fwd,8657,0,100,0,0,C
13-0099-S_S27,SYA1,96,C,Fwd,8657,0,0,0,100,T
13-0099-S_S27,SYA1,138,A,Fwd,8657,1,0,99,0,G
13-0099-S_S27,SYA1,156,T,Fwd,8657,1,98,0,0,C
13-0099-S_S27,SYA1,347,C,Rev,8591,0,0,0,100,T
13-0099-S_S27,VPS13,228,T,Fwd,7381,3,97,0,0,C
13-0099-S_S27,VPS13,292,A,Rev,7336,0,0,99,0,G
13-0099-S_S27,VPS13,333,G,Rev,7336,0,0,0,100,T
13-0099-S_S27,VPS13,381,T,Rev,7336,100,0,0,0,A
13-0099-S_S27,VPS13,386,T,Rev,7336,8,91,0,0,A/C
13-0099-S_S27,VPS13,410,C,Rev,7336,5,94,0,0,A/C
13-0099-S_S27,ZWF1b,264,C,Rev,8896,0,65,0,35,C/T
13-0099-S_S27,ZWF1b,306,C,Rev,8896,0,0,0,100,T
12-0267-S_S26,AAT1a,53,T,Fwd,21610,0,99,0,1,C
12-0267-S_S26,AAT1a,114,G,Fwd,21611,99,0,0,0,A
12-0267-S_S26,ACC1,81,G,Fwd,11991,31,0,69,0,A/G
12-0267-S_S26,ACC1,397,T,Rev,11789,0,0,8,91,G/T
12-0267-S_S26,ACC1,399,C,Rev,11789,7,92,0,0,A/C
12-0267-S_S26,MPI,48,A,Fwd,25542,47,0,53,0,A/G
12-0267-S_S26,MPI,55,G,Fwd,25542,53,0,47,0,A/G
12-0267-S_S26,MPI,57,T,Fwd,25542,0,53,0,47,C/T
12-0267-S_S26,MPI,87,T,Fwd,25542,0,0,52,47,G/T
12-0267-S_S26,MPI,93,A,Fwd,25542,47,0,0,52,A/T
12-0267-S_S26,MPI,109,A,Fwd,25542,48,0,52,0,A/G
12-0267-S_S26,MPI,255,C,Rev,25429,51,49,0,0,A/C
12-0267-S_S26,MPI,258,A,Rev,25429,49,0,51,0,A/G
12-0267-S_S26,MPI,297,G,Rev,25429,52,0,48,0,A/G
12-0267-S_S26,MPI,310,A,Rev,25429,48,0,51,0,A/G
12-0267-S_S26,SYA1,21,A,Fwd,22310,0,100,0,0,C
12-0267-S_S26,SYA1,96,C,Fwd,22310,0,0,0,100,T
12-0267-S_S26,SYA1,138,A,Fwd,22310,0,0,100,0,G
12-0267-S_S26,SYA1,156,T,Fwd,22309,0,99,0,0,C
12-0267-S_S26,SYA1,347,C,Rev,22120,0,1,0,99,T
12-0267-S_S26,VPS13,228,T,Fwd,16042,0,99,0,1,C
12-0267-S_S26,VPS13,292,A,Rev,16001,0,0,100,0,G
12-0267-S_S26,VPS13,333,G,Rev,16001,0,0,0,100,T
12-0267-S_S26,VPS13,381,T,Rev,16001,99,0,0,0,A
12-0267-S_S26,VPS13,386,T,Rev,16001,7,93,0,0,A/C
12-0267-S_S26,VPS13,410,C,Rev,16001,6,94,0,0,A/C
12-0267-S_S26,ZWF1b,264,C,Rev,19652,0,50,0,50,C/T
12-0267-S_S26,ZWF1b,306,C,Rev,19652,0,0,0,100,T
12-0039_S10,AAT1a,53,T,Fwd,16563,0,21,0,79,C/T
12-0039_S10,AAT1a,65,G,Fwd,16563,79,0,21,0,A/G
12-0039_S10,AAT1a,114,G,Fwd,16563,99,0,0,0,A
12-0039_S10,AAT1a,149,T,Fwd,16563,0,79,0,21,C/T
12-0039_S10,ACC1,279,C,Rev,9136,0,27,0,72,C/T
12-0039_S10,ACC1,397,T,Rev,9136,0,0,14,86,G/T
12-0039_S10,ACC1,399,C,Rev,9136,6,93,0,0,A/C
12-0039_S10,ADP1,35,C,Fwd,18939,0,61,0,39,C/T
12-0039_S10,ADP1,41,C,Fwd,18939,0,61,0,39,C/T
12-0039_S10,ADP1,104,A,Fwd,18939,60,0,40,0,A/G
12-0039_S10,ADP1,120,A,Fwd,18939,60,0,39,0,A/G
12-0039_S10,ADP1,161,G,Fwd,18936,39,0,61,0,A/G
12-0039_S10,ADP1,200,G,Fwd,18936,39,0,61,0,A/G
12-0039_S10,ADP1,220,T,Fwd,18936,39,0,0,60,A/T
12-0039_S10,ADP1,227,C,Fwd,18936,0,60,0,39,C/T
12-0039_S10,MPI,42,G,Fwd,18701,41,0,59,0,A/G
12-0039_S10,MPI,48,A,Fwd,18701,10,0,90,0,A/G
12-0039_S10,MPI,55,G,Fwd,18701,90,0,10,0,A/G
12-0039_S10,MPI,57,T,Fwd,18701,0,90,0,10,C/T
12-0039_S10,MPI,87,T,Fwd,18701,0,0,90,10,G/T
12-0039_S10,MPI,93,A,Fwd,18701,10,0,0,90,A/T
12-0039_S10,MPI,109,A,Fwd,18701,10,0,90,0,A/G
12-0039_S10,MPI,255,C,Rev,18598,10,90,0,0,A/C
12-0039_S10,MPI,258,A,Rev,18599,90,0,10,0,A/G
12-0039_S10,MPI,297,G,Rev,18599,10,0,90,0,A/G
12-0039_S10,MPI,310,A,Rev,18599,90,0,10,0,A/G
12-0039_S10,SYA1,21,A,Fwd,16370,39,61,0,0,A/C
12-0039_S10,SYA1,57,G,Fwd,16370,41,0,59,0,A/G
12-0039_S10,SYA1,96,C,Fwd,16370,0,39,0,61,C/T
12-0039_S10,SYA1,138,A,Fwd,16370,38,0,61,0,A/G
12-0039_S10,SYA1,156,T,Fwd,16370,0,61,0,39,C/T
12-0039_S10,SYA1,347,C,Rev,16233,0,38,0,61,C/T
12-0039_S10,VPS13,223,G,Fwd,12865,43,0,56,0,A/G
12-0039_S10,VPS13,228,T,Fwd,12865,0,20,0,80,C/T
12-0039_S10,VPS13,252,A,Rev,12868,20,0,80,0,A/G
12-0039_S10,VPS13,292,A,Rev,12868,0,0,100,0,G
12-0039_S10,VPS13,293,G,Rev,12868,37,0,63,0,A/G
12-0039_S10,VPS13,333,G,Rev,12868,0,0,0,100,T
12-0039_S10,VPS13,345,G,Rev,12868,43,0,57,0,A/G
12-0039_S10,VPS13,381,T,Rev,12868,63,0,0,37,A/T
12-0039_S10,VPS13,386,T,Rev,12868,6,93,0,0,A/C
12-0039_S10,VPS13,410,C,Rev,12868,6,93,0,0,A/C
12-0039_S10,ZWF1b,264,C,Rev,14222,0,50,0,50,C/T
12-0039_S10,ZWF1b,306,C,Rev,14222,0,0,0,100,T
M05-OR-S_S31,AAT1a,32,A,Fwd,3045,49,0,51,0,A/G
M05-OR-S_S31,AAT1a,65,G,Fwd,3045,99,0,0,0,A
M05-OR-S_S31,AAT1a,114,G,Fwd,3045,100,0,0,0,A
M05-OR-S_S31,AAT1a,149,T,Fwd,3045,0,100,0,0,C
M05-OR-S_S31,ACC1,397,T,Rev,1731,1,0,10,89,G/T
M05-OR-S_S31,ACC1,399,C,Rev,1731,7,92,0,0,A/C
M05-OR-S_S31,ADP1,35,C,Fwd,3305,0,50,0,50,C/T
M05-OR-S_S31,ADP1,41,C,Fwd,3305,0,50,0,50,C/T
M05-OR-S_S31,ADP1,104,A,Fwd,3305,50,0,50,0,A/G
M05-OR-S_S31,ADP1,120,A,Fwd,3305,50,0,49,0,A/G
M05-OR-S_S31,ADP1,161,G,Fwd,3305,50,0,50,0,A/G
M05-OR-S_S31,ADP1,200,G,Fwd,3305,49,0,50,0,A/G
M05-OR-S_S31,ADP1,220,T,Fwd,3305,50,0,0,50,A/T
M05-OR-S_S31,ADP1,227,C,Fwd,3305,0,50,0,50,C/T
M05-OR-S_S31,MPI,48,A,Fwd,2991,49,0,51,0,A/G
M05-OR-S_S31,MPI,55,G,Fwd,2991,51,0,49,0,A/G
M05-OR-S_S31,MPI,57,T,Fwd,2991,0,51,0,49,C/T
M05-OR-S_S31,MPI,87,T,Fwd,2991,0,0,51,49,G/T
M05-OR-S_S31,MPI,93,A,Fwd,2991,49,0,0,51,A/T
M05-OR-S_S31,MPI,109,A,Fwd,2991,49,0,51,0,A/G
M05-OR-S_S31,SYA1,21,A,Fwd,2898,47,53,0,0,A/C
M05-OR-S_S31,SYA1,57,G,Fwd,2898,47,0,53,0,A/G
M05-OR-S_S31,SYA1,96,C,Fwd,2898,0,0,0,100,T
M05-OR-S_S31,SYA1,138,A,Fwd,2898,0,0,100,0,G
M05-OR-S_S31,SYA1,156,T,Fwd,2898,0,100,0,0,C
M05-OR-S_S31,SYA1,303,C,Rev,2877,49,51,0,0,A/C
M05-OR-S_S31,VPS13,60,C,Fwd,2009,50,50,0,0,A/C
M05-OR-S_S31,VPS13,292,A,Rev,1998,51,0,49,0,A/G
M05-OR-S_S31,VPS13,331,G,Rev,1998,49,0,51,0,A/G
M05-OR-S_S31,VPS13,333,G,Rev,1998,0,0,51,49,G/T
M05-OR-S_S31,VPS13,381,T,Rev,1998,49,0,0,51,A/T
M05-OR-S_S31,VPS13,386,T,Rev,1998,3,46,0,51,C/T
M05-OR-S_S31,VPS13,410,C,Rev,1998,6,94,0,0,A/C
M05-OR-S_S31,ZWF1b,264,C,Rev,2606,0,0,0,100,T
M05-OR-S_S31,ZWF1b,306,C,Rev,2606,0,0,0,100,T
12-0425_S14,AAT1a,53,T,Fwd,23791,0,54,0,46,C/T
12-0425_S14,AAT1a,65,G,Fwd,23791,46,0,54,0,A/G
12-0425_S14,AAT1a,114,G,Fwd,23791,99,0,0,0,A
12-0425_S14,AAT1a,149,T,Fwd,23791,0,46,0,53,C/T
12-0425_S14,ACC1,81,G,Fwd,14224,9,0,91,0,A/G
12-0425_S14,ACC1,279,C,Rev,14008,0,63,0,37,C/T
12-0425_S14,ACC1,397,T,Rev,14008,0,0,8,92,G/T
12-0425_S14,ACC1,399,C,Rev,14008,7,93,0,0,A/C
12-0425_S14,ADP1,35,C,Fwd,3244,0,79,0,20,C/T
12-0425_S14,ADP1,41,C,Fwd,3244,0,79,0,21,C/T
12-0425_S14,ADP1,104,A,Fwd,3244,79,0,21,0,A/G
12-0425_S14,ADP1,120,A,Fwd,3244,79,0,21,0,A/G
12-0425_S14,ADP1,161,G,Fwd,3244,20,0,80,0,A/G
12-0425_S14,ADP1,200,G,Fwd,3244,20,0,80,0,A/G
12-0425_S14,ADP1,220,T,Fwd,3244,20,0,0,79,A/T
12-0425_S14,ADP1,227,C,Fwd,3244,0,79,0,21,C/T
12-0425_S14,MPI,42,G,Fwd,27989,24,0,76,0,A/G
12-0425_S14,MPI,48,A,Fwd,27989,26,0,74,0,A/G
12-0425_S14,MPI,55,G,Fwd,27989,74,0,26,0,A/G
12-0425_S14,MPI,57,T,Fwd,27989,0,74,0,26,C/T
12-0425_S14,MPI,87,T,Fwd,27989,0,0,74,26,G/T
12-0425_S14,MPI,93,A,Fwd,27989,26,0,0,74,A/T
12-0425_S14,MPI,109,A,Fwd,27989,26,0,74,0,A/G
12-0425_S14,MPI,255,C,Rev,27933,27,73,0,0,A/C
12-0425_S14,MPI,258,A,Rev,27933,73,0,27,0,A/G
12-0425_S14,MPI,297,G,Rev,27933,27,0,73,0,A/G
12-0425_S14,MPI,310,A,Rev,27933,73,0,27,0,A/G
12-0425_S14,SYA1,21,A,Fwd,24261,21,79,0,0,A/C
12-0425_S14,SYA1,57,G,Fwd,24261,24,0,76,0,A/G
12-0425_S14,SYA1,96,C,Fwd,24261,0,21,0,79,C/T
12-0425_S14,SYA1,138,A,Fwd,24261,21,0,79,0,A/G
12-0425_S14,SYA1,156,T,Fwd,24261,0,79,0,21,C/T
12-0425_S14,SYA1,347,C,Rev,24063,0,20,0,80,C/T
12-0425_S14,VPS13,223,G,Fwd,16530,24,0,76,0,A/G
12-0425_S14,VPS13,228,T,Fwd,16530,0,53,0,46,C/T
12-0425_S14,VPS13,252,A,Rev,16496,54,0,46,0,A/G
12-0425_S14,VPS13,292,A,Rev,16496,0,0,100,0,G
12-0425_S14,VPS13,293,G,Rev,16496,20,0,79,0,A/G
12-0425_S14,VPS13,333,G,Rev,16496,0,0,0,100,T
12-0425_S14,VPS13,345,G,Rev,16496,24,0,76,0,A/G
12-0425_S14,VPS13,381,T,Rev,16496,77,0,0,22,A/T
12-0425_S14,VPS13,386,T,Rev,16496,7,93,0,0,A/C
12-0425_S14,VPS13,410,C,Rev,16496,6,94,0,0,A/C
12-0425_S14,ZWF1b,264,C,Rev,21855,0,53,0,47,C/T
12-0425_S14,ZWF1b,306,C,Rev,21855,0,2,0,97,T
12-0424_S13,AAT1a,53,T,Fwd,20564,0,39,0,61,C/T
12-0424_S13,AAT1a,65,G,Fwd,20565,61,0,39,0,A/G
12-0424_S13,AAT1a,114,G,Fwd,20565,99,0,0,0,A
12-0424_S13,AAT1a,149,T,Fwd,20565,0,62,0,38,C/T
12-0424_S13,ACC1,81,G,Fwd,12262,8,0,92,0,A/G
12-0424_S13,ACC1,279,C,Rev,12083,0,47,0,52,C/T
12-0424_S13,ACC1,397,T,Rev,12083,0,0,13,87,G/T
12-0424_S13,ACC1,399,C,Rev,12083,6,94,0,0,A/C
12-0424_S13,ADP1,35,C,Fwd,21388,0,69,0,30,C/T
12-0424_S13,ADP1,41,C,Fwd,21388,0,69,0,31,C/T
12-0424_S13,ADP1,104,A,Fwd,21388,69,0,31,0,A/G
12-0424_S13,ADP1,120,A,Fwd,21388,69,0,31,0,A/G
12-0424_S13,ADP1,161,G,Fwd,21387,31,0,69,0,A/G
12-0424_S13,ADP1,200,G,Fwd,21387,31,0,69,0,A/G
12-0424_S13,ADP1,220,T,Fwd,21387,31,0,0,69,A/T
12-0424_S13,ADP1,227,C,Fwd,21387,0,69,0,31,C/T
12-0424_S13,MPI,42,G,Fwd,19810,31,0,69,0,A/G
12-0424_S13,MPI,48,A,Fwd,19810,18,0,81,0,A/G
12-0424_S13,MPI,55,G,Fwd,19810,81,0,19,0,A/G
12-0424_S13,MPI,57,T,Fwd,19810,0,81,0,18,C/T
12-0424_S13,MPI,87,T,Fwd,19810,0,0,81,19,G/T
12-0424_S13,MPI,93,A,Fwd,19810,19,0,0,81,A/T
12-0424_S13,MPI,109,A,Fwd,19810,19,0,81,0,A/G
12-0424_S13,MPI,255,C,Rev,19795,19,81,0,0,A/C
12-0424_S13,MPI,258,A,Rev,19795,81,0,19,0,A/G
12-0424_S13,MPI,297,G,Rev,19795,19,0,80,0,A/G
12-0424_S13,MPI,310,A,Rev,19795,81,0,19,0,A/G
12-0424_S13,SYA1,21,A,Fwd,17631,31,69,0,0,A/C
12-0424_S13,SYA1,57,G,Fwd,17631,31,0,69,0,A/G
12-0424_S13,SYA1,96,C,Fwd,17631,0,30,0,70,C/T
12-0424_S13,SYA1,138,A,Fwd,17631,31,0,69,0,A/G
12-0424_S13,SYA1,156,T,Fwd,17631,0,69,0,31,C/T
12-0424_S13,SYA1,347,C,Rev,17470,0,30,0,70,C/T
12-0424_S13,VPS13,223,G,Fwd,14253,33,0,67,0,A/G
12-0424_S13,VPS13,228,T,Fwd,14253,0,37,0,63,C/T
12-0424_S13,VPS13,252,A,Rev,14277,37,0,63,0,A/G
12-0424_S13,VPS13,292,A,Rev,14277,0,0,100,0,G
12-0424_S13,VPS13,293,G,Rev,14277,30,0,70,0,A/G
12-0424_S13,VPS13,333,G,Rev,14278,0,0,0,100,T
12-0424_S13,VPS13,345,G,Rev,14278,33,0,67,0,A/G
12-0424_S13,VPS13,381,T,Rev,14278,70,0,0,30,A/T
12-0424_S13,VPS13,386,T,Rev,14278,6,94,0,0,A/C
12-0424_S13,VPS13,410,C,Rev,14278,5,95,0,0,A/C
12-0424_S13,ZWF1b,264,C,Rev,16116,0,50,0,50,C/T
12-0424_S13,ZWF1b,306,C,Rev,16116,0,0,0,100,T
