54,AAT1a,32, ,72.0,0.0,28.0,0.0,A/G, ,A/G,54, ,A/A,46, ,2.0, ,30/31,45.0, ,"[('normal', 31)]"
54,AAT1a,53, ,0.0,22.0,0.0,78.0,C/T, ,T,54, ,T/C,46, ,2.0, ,30/31,45.0, ,"[('normal', 31)]"
54,AAT1a,65, ,49.0,0.0,51.0,0.0,A/G, ,A/G,54, ,A/G,46, ,2.0, ,30/31,45.0, ,"[('normal', 31)]"
54,AAT1a,114, ,71.0,0.0,28.0,0.0,A/G, ,A/G,54, ,A/A,46, ,3.0, ,30/31,45.0, ,"[('normal', 31)]"
54,AAT1a,149, ,0.0,49.0,0.0,51.0,C/T, ,C/T,54, ,C/T,46, ,2.0, ,30/31,45.0, ,"[('normal', 31)]"
54,ACC1,209, ,73.0,27.0,0.0,0.0,A/C, ,A/C,54, ,A/A,46, ,0.0, ,30/31,45.0, ,"[('normal', 31)]"
54,ACC1,279, ,0.0,54.0,0.0,45.0,C/T, ,C,54, ,T/T,46, ,1.0, ,30/31,45.0, ,"[('normal', 31)]"
54,ACC1,315, ,0.0,73.0,0.0,27.0,C/T, ,C/T,54, ,C/C,46, ,0.0, ,30/31,45.0, ,"[('normal', 31)]"
54,ADP1,30, ,70.0,0.0,29.0,0.0,A/G, ,A/G,54, ,A/A,46, ,5.0, ,30/31,45.0, ,"[('normal', 31)]"
54,MPI,48, ,27.0,0.0,73.0,0.0,A/G, ,A/G,54, ,G/G,46, ,0.0, ,30/31,45.0, ,"[('normal', 31)]"
54,MPI,55, ,72.0,0.0,27.0,0.0,A/G, ,A/G,54, ,A/A,46, ,1.0, ,30/31,45.0, ,"[('normal', 31)]"
54,MPI,57, ,0.0,73.0,0.0,27.0,C/T, ,C/T,54, ,C/C,46, ,0.0, ,30/31,45.0, ,"[('normal', 31)]"
54,MPI,87, ,0.0,0.0,73.0,27.0,G/T, ,G/T,54, ,G/G,46, ,0.0, ,30/31,45.0, ,"[('normal', 31)]"
54,MPI,93, ,27.0,0.0,0.0,73.0,A/T, ,A/T,54, ,T/T,46, ,0.0, ,30/31,45.0, ,"[('normal', 31)]"
54,MPI,109, ,27.0,0.0,73.0,0.0,A/G, ,A/G,54, ,G/G,46, ,0.0, ,30/31,45.0, ,"[('normal', 31)]"
54,SYA1,21, ,76.0,24.0,0.0,0.0,A/C, ,A,54, ,A/C,46, ,2.0, ,30/31,45.0, ,"[('normal', 31)]"
54,SYA1,57, ,46.0,0.0,54.0,0.0,A/G, ,G,54, ,A/A,46, ,0.0, ,30/31,45.0, ,"[('normal', 31)]"
54,SYA1,96, ,0.0,53.0,0.0,47.0,C/T, ,C,54, ,T/T,46, ,2.0, ,30/31,45.0, ,"[('normal', 31)]"
54,SYA1,138, ,53.0,0.0,47.0,0.0,A/G, ,A,54, ,G/G,46, ,2.0, ,30/31,45.0, ,"[('normal', 31)]"
54,SYA1,156, ,0.0,47.0,0.0,53.0,C/T, ,T,54, ,C/C,46, ,2.0, ,30/31,45.0, ,"[('normal', 31)]"
54,SYA1,303, ,23.0,77.0,0.0,0.0,A/C, ,C,54, ,C/A,46, ,0.0, ,30/31,45.0, ,"[('normal', 31)]"
54,SYA1,347, ,0.0,76.0,0.0,24.0,C/T, ,C,54, ,C/T,46, ,2.0, ,30/31,45.0, ,"[('normal', 31)]"
54,SYA1,348, ,0.0,76.0,0.0,24.0,C/T, ,C,54, ,C/T,46, ,2.0, ,30/31,45.0, ,"[('normal', 31)]"
54,VPS13,228, ,0.0,26.0,0.0,74.0,C/T, ,C/T,54, ,T/T,46, ,2.0, ,30/31,45.0, ,"[('normal', 31)]"
54,VPS13,292, ,74.0,0.0,26.0,0.0,A/G, ,A/G,54, ,A/A,46, ,2.0, ,30/31,45.0, ,"[('normal', 31)]"
54,VPS13,333, ,0.0,0.0,28.0,72.0,G/T, ,G/T,54, ,T/T,46, ,2.0, ,30/31,45.0, ,"[('normal', 31)]"
54,VPS13,337, ,46.0,0.0,54.0,0.0,A/G, ,G,54, ,A/A,46, ,0.0, ,30/31,45.0, ,"[('normal', 31)]"
54,VPS13,381, ,26.0,0.0,0.0,74.0,A/T, ,A/T,54, ,T/T,46, ,2.0, ,30/31,45.0, ,"[('normal', 31)]"
54,VPS13,386, ,4.0,67.0,0.0,28.0,C/T, ,C/T,54, ,C/C,46, ,7.0, ,30/31,45.0, ,"[('normal', 31)]"
54,ZWF1b,264, ,0.0,27.0,0.0,73.0,C/T, ,C/T,54, ,T/T,46, ,0.0, ,30/31,45.0, ,"[('normal', 31)]"
54,ZWF1b,306, ,0.0,27.0,0.0,73.0,C/T, ,C/T,54, ,T/T,46, ,0.0, ,30/31,45.0, ,"[('normal', 31)]"
